id,date,happy
4,9/13/2019 12:54,1
5,9/13/2019 12:55,0
6,9/13/2019 13:01,0
7,9/13/2019 13:01,0
8,9/13/2019 13:09,0
9,9/13/2019 13:13,0
10,9/13/2019 14:53,1
11,9/13/2019 16:20,0
12,9/13/2019 16:37,1
13,9/13/2019 17:31,0
14,9/13/2019 17:45,0
15,9/13/2019 17:48,0
16,9/13/2019 17:48,1
17,9/13/2019 17:48,1
18,9/13/2019 17:49,1
19,9/13/2019 18:01,1
20,9/13/2019 18:03,1
21,9/13/2019 18:20,0
22,9/13/2019 18:20,0
23,9/18/2019 9:05,0
24,9/18/2019 11:43,1
25,9/18/2019 11:43,0
26,9/18/2019 12:38,1
27,9/18/2019 12:50,1
28,9/18/2019 12:59,1
29,9/18/2019 13:17,1
30,9/18/2019 13:17,1
31,9/18/2019 13:20,0
32,9/18/2019 14:47,1
33,9/18/2019 14:48,1
34,9/18/2019 14:53,1
35,9/18/2019 14:55,1
36,9/18/2019 14:56,1
37,9/18/2019 14:58,1
38,9/18/2019 16:40,1
39,9/18/2019 16:40,0
40,9/18/2019 16:55,0
41,9/18/2019 17:41,1
42,9/18/2019 17:49,1
43,9/18/2019 17:49,0
44,9/18/2019 17:50,0
45,9/18/2019 17:55,0
46,9/18/2019 17:56,1
47,9/18/2019 17:57,0
48,9/18/2019 17:57,1
49,9/18/2019 17:58,0
50,9/18/2019 17:58,0
51,9/18/2019 17:59,1
52,9/18/2019 17:59,1
53,9/18/2019 17:59,0
54,9/18/2019 17:59,0
55,9/18/2019 18:02,1
56,9/18/2019 18:16,0
57,9/18/2019 18:26,0
58,9/18/2019 18:29,1
59,9/18/2019 18:40,0
60,9/18/2019 18:48,1
61,9/18/2019 18:49,1
62,9/18/2019 18:49,1
63,9/18/2019 18:49,0
64,9/18/2019 18:49,0
65,9/18/2019 18:49,0
66,9/18/2019 18:49,0
67,9/18/2019 18:49,0
68,9/18/2019 18:50,1
69,9/18/2019 19:45,1
70,9/18/2019 20:39,1
71,9/18/2019 21:02,0
72,9/18/2019 21:02,1
73,9/18/2019 21:02,1
74,9/18/2019 21:05,1
75,9/18/2019 21:06,1
76,9/18/2019 21:09,0
77,9/20/2019 11:37,1
78,9/20/2019 12:44,1
79,9/20/2019 12:49,1
80,9/20/2019 12:49,1
81,9/20/2019 13:00,1
82,9/20/2019 13:01,1
83,9/20/2019 13:01,1
84,9/20/2019 13:01,0
85,9/20/2019 13:01,1
86,9/20/2019 13:01,1
87,9/20/2019 13:09,1
88,9/20/2019 13:11,0
89,9/20/2019 13:12,1
90,9/20/2019 13:15,1
91,9/20/2019 13:31,1
92,9/20/2019 14:02,0
93,9/20/2019 14:13,1
94,9/20/2019 14:15,0
95,9/20/2019 14:15,0
96,9/20/2019 14:15,1
97,9/20/2019 14:15,0
98,9/20/2019 14:43,0
99,9/20/2019 14:43,1
100,9/20/2019 14:44,0
101,9/20/2019 14:52,0
102,9/20/2019 14:53,1
103,9/20/2019 14:53,0
104,9/20/2019 14:55,1
105,9/20/2019 14:55,0
106,9/20/2019 14:55,1
107,9/20/2019 14:55,1
108,9/20/2019 14:55,1
109,9/20/2019 15:46,1
110,9/20/2019 16:06,0
111,9/20/2019 16:54,1
112,9/20/2019 18:22,1
113,9/20/2019 18:23,1
114,9/20/2019 18:23,0
115,9/20/2019 18:26,0
116,9/20/2019 18:32,0
117,9/20/2019 18:33,0
118,9/20/2019 18:38,1
119,9/20/2019 18:41,1
120,9/20/2019 18:41,1
121,9/20/2019 18:43,0
122,9/20/2019 18:45,1
123,9/20/2019 18:45,0
124,9/20/2019 18:45,0
125,9/20/2019 18:52,1
126,9/20/2019 18:58,1
127,9/20/2019 18:58,1
128,9/20/2019 18:58,1
129,9/20/2019 18:58,1
130,9/20/2019 18:58,1
131,9/20/2019 19:02,0
132,9/20/2019 19:24,1
133,9/20/2019 20:00,0
134,9/20/2019 20:33,1
135,9/20/2019 20:42,0
136,9/20/2019 20:42,0
137,9/20/2019 20:42,0
138,9/20/2019 20:42,0
139,9/20/2019 20:42,0
140,9/20/2019 20:42,1
141,9/20/2019 20:42,1
142,9/20/2019 20:42,0
143,9/20/2019 20:44,1
144,9/20/2019 20:55,1
145,9/20/2019 20:55,0
146,9/20/2019 20:55,1
147,9/20/2019 20:57,0
148,9/20/2019 20:57,1
149,9/25/2019 13:29,1
150,9/25/2019 13:37,0
151,9/25/2019 13:41,1
152,9/25/2019 14:45,1
153,9/25/2019 14:58,1
154,9/25/2019 14:58,1
155,9/25/2019 14:58,1
156,9/25/2019 14:58,1
157,9/25/2019 14:58,1
158,9/25/2019 14:59,1
159,9/25/2019 14:59,1
160,9/25/2019 15:00,0
161,9/25/2019 15:00,1
162,9/25/2019 15:00,1
163,9/25/2019 15:00,1
164,9/25/2019 15:00,1
165,9/25/2019 15:00,0
166,9/25/2019 15:00,0
167,9/25/2019 15:00,0
168,9/25/2019 15:00,1
169,9/25/2019 15:01,0
170,9/25/2019 15:01,0
171,9/25/2019 15:01,1
172,9/25/2019 15:01,1
173,9/25/2019 15:01,1
174,9/25/2019 15:01,1
175,9/25/2019 15:01,1
176,9/25/2019 15:01,1
177,9/25/2019 15:01,1
178,9/25/2019 15:01,1
179,9/25/2019 15:01,1
180,9/25/2019 15:01,1
181,9/25/2019 15:01,1
182,9/25/2019 15:01,1
183,9/25/2019 15:01,0
184,9/25/2019 15:01,0
185,9/25/2019 15:02,1
186,9/25/2019 15:02,1
187,9/25/2019 15:02,1
188,9/25/2019 15:12,1
189,9/25/2019 15:12,1
190,9/25/2019 15:17,1
191,9/25/2019 15:29,1
192,9/25/2019 15:29,1
193,9/25/2019 15:29,1
194,9/25/2019 15:29,1
195,9/25/2019 15:29,1
196,9/25/2019 15:46,1
197,9/25/2019 15:46,1
198,9/25/2019 15:47,0
199,9/25/2019 15:48,1
200,9/25/2019 15:52,1
201,9/25/2019 15:52,1
202,9/25/2019 15:52,1
203,9/25/2019 15:59,1
204,9/25/2019 16:00,1
205,9/25/2019 16:00,1
206,9/25/2019 16:00,1
207,9/25/2019 16:00,0
208,9/25/2019 16:00,1
209,9/25/2019 16:01,1
210,9/25/2019 16:01,1
211,9/25/2019 16:04,0
212,9/25/2019 16:04,0
213,9/25/2019 16:10,0
214,9/25/2019 16:11,0
215,9/25/2019 16:21,1
216,9/25/2019 16:36,1
217,9/25/2019 16:38,0
218,9/25/2019 16:39,1
219,9/25/2019 16:47,1
220,9/25/2019 17:15,0
221,9/25/2019 17:51,0
222,9/25/2019 17:51,0
223,9/25/2019 17:51,0
224,9/25/2019 17:51,0
225,9/25/2019 17:52,0
226,9/25/2019 17:57,0
227,9/25/2019 17:58,1
228,9/25/2019 17:58,1
229,9/25/2019 17:58,1
230,9/25/2019 17:58,1
231,9/25/2019 17:58,0
232,9/25/2019 17:59,1
233,9/25/2019 17:59,0
234,9/25/2019 17:59,1
235,9/25/2019 17:59,1
236,9/25/2019 17:59,1
237,9/25/2019 17:59,1
238,9/25/2019 17:59,1
239,9/25/2019 17:59,1
240,9/25/2019 18:00,0
241,9/25/2019 18:00,0
242,9/25/2019 18:00,1
243,9/25/2019 18:00,0
244,9/25/2019 18:00,1
245,9/25/2019 18:00,0
246,9/25/2019 18:18,1
247,9/25/2019 18:19,0
248,9/25/2019 18:20,1
249,9/25/2019 18:21,1
250,9/25/2019 18:24,0
251,9/25/2019 18:25,1
252,9/25/2019 18:29,0
253,9/25/2019 18:29,0
254,9/25/2019 18:29,0
255,9/25/2019 18:29,0
256,9/25/2019 18:29,0
257,9/25/2019 18:29,0
258,9/25/2019 18:30,0
259,9/25/2019 18:30,0
260,9/25/2019 18:30,0
261,9/25/2019 18:30,0
262,9/25/2019 18:30,0
263,9/25/2019 18:30,0
264,9/25/2019 18:30,0
265,9/25/2019 18:30,0
266,9/25/2019 18:30,1
267,9/25/2019 18:30,1
268,9/25/2019 18:30,0
269,9/25/2019 18:30,0
270,9/25/2019 18:30,0
271,9/25/2019 18:30,0
272,9/25/2019 18:30,1
273,9/25/2019 18:30,1
274,9/25/2019 18:31,0
275,9/25/2019 18:31,0
276,9/25/2019 18:31,0
277,9/25/2019 18:31,0
278,9/25/2019 18:31,0
279,9/25/2019 18:31,0
280,9/25/2019 18:31,0
281,9/25/2019 18:31,0
282,9/25/2019 18:31,0
283,9/25/2019 18:31,0
284,9/25/2019 18:31,0
285,9/25/2019 18:31,0
286,9/25/2019 18:31,0
287,9/25/2019 18:31,0
288,9/25/2019 18:31,0
289,9/25/2019 18:31,0
290,9/25/2019 18:31,0
291,9/25/2019 18:31,0
292,9/25/2019 18:31,0
293,9/25/2019 18:31,0
294,9/25/2019 18:31,0
295,9/25/2019 18:32,0
296,9/25/2019 18:32,0
297,9/25/2019 18:32,0
298,9/25/2019 18:32,0
299,9/25/2019 18:32,0
300,9/25/2019 18:32,0
301,9/25/2019 18:32,0
302,9/25/2019 18:32,0
303,9/25/2019 18:32,0
304,9/25/2019 18:32,0
305,9/25/2019 18:32,0
306,9/25/2019 18:32,0
307,9/25/2019 18:32,0
308,9/25/2019 18:32,0
309,9/25/2019 18:32,0
310,9/25/2019 18:32,0
311,9/25/2019 18:32,0
312,9/25/2019 18:32,0
313,9/25/2019 18:32,0
314,9/25/2019 18:32,0
315,9/25/2019 18:32,0
316,9/25/2019 18:32,0
317,9/25/2019 18:32,0
318,9/25/2019 18:32,0
319,9/25/2019 18:32,0
320,9/25/2019 18:32,0
321,9/25/2019 18:32,1
322,9/25/2019 18:32,0
323,9/25/2019 18:32,0
324,9/25/2019 18:32,0
325,9/25/2019 18:32,0
326,9/25/2019 18:32,0
327,9/25/2019 18:32,0
328,9/25/2019 18:37,1
329,9/25/2019 18:41,0
330,9/25/2019 18:48,0
331,9/25/2019 18:52,0
332,9/25/2019 18:52,0
333,9/25/2019 18:52,1
334,9/25/2019 18:52,1
335,9/25/2019 18:52,1
336,9/25/2019 18:52,1
337,9/25/2019 18:52,1
338,9/25/2019 18:52,1
339,9/25/2019 18:52,1
340,9/25/2019 18:52,1
341,9/25/2019 18:57,1
342,9/25/2019 18:57,0
343,9/25/2019 18:59,1
344,9/25/2019 18:59,1
345,9/25/2019 20:00,0
346,9/26/2019 12:34,0
347,9/26/2019 12:34,0
348,9/26/2019 12:34,0
349,9/26/2019 12:34,1
350,9/26/2019 12:34,0
351,9/26/2019 12:34,1
352,9/26/2019 12:34,0
353,9/26/2019 12:34,1
354,9/26/2019 12:34,0
355,9/26/2019 12:34,1
356,9/26/2019 12:34,0
357,9/26/2019 12:34,1
358,9/26/2019 12:34,0
359,9/26/2019 12:34,0
360,9/26/2019 12:34,1
361,9/26/2019 12:34,0
362,9/26/2019 12:34,1
363,9/26/2019 12:34,0
364,9/26/2019 12:34,0
365,9/26/2019 12:35,0
366,9/26/2019 12:35,1
367,9/26/2019 12:35,0
368,9/26/2019 12:35,0
369,9/26/2019 12:35,1
370,9/26/2019 12:35,1
371,9/26/2019 12:35,1
372,9/26/2019 12:35,0
373,9/26/2019 12:35,1
374,9/26/2019 12:35,1
375,9/26/2019 12:35,0
376,9/26/2019 12:35,1
377,9/26/2019 12:35,0
378,9/26/2019 13:00,1
379,9/26/2019 13:00,0
380,9/26/2019 13:01,1
381,9/26/2019 13:01,1
382,9/26/2019 13:01,0
383,9/26/2019 13:01,1
384,9/26/2019 13:01,1
385,9/26/2019 13:01,0
386,9/26/2019 13:01,0
387,9/26/2019 13:01,0
388,9/26/2019 13:01,1
389,9/26/2019 13:01,0
390,9/26/2019 13:01,0
391,9/26/2019 13:01,0
392,9/26/2019 13:01,0
393,9/26/2019 13:01,0
394,9/26/2019 13:01,1
395,9/26/2019 13:01,1
396,9/26/2019 13:01,1
397,9/26/2019 13:01,1
398,9/26/2019 13:01,1
399,9/26/2019 13:01,1
400,9/26/2019 13:01,1
401,9/26/2019 13:02,1
402,9/26/2019 13:02,0
403,9/26/2019 13:02,1
404,9/26/2019 13:02,0
405,9/26/2019 13:02,1
406,9/26/2019 13:02,1
407,9/26/2019 13:02,1
408,9/26/2019 13:02,1
409,9/26/2019 13:09,1
410,9/26/2019 13:09,0
411,9/26/2019 13:09,0
412,9/26/2019 13:09,0
413,9/26/2019 13:09,0
414,9/26/2019 13:09,0
415,9/26/2019 13:09,0
416,9/26/2019 13:09,0
417,9/26/2019 13:09,0
418,9/26/2019 13:09,0
419,9/26/2019 13:09,0
420,9/26/2019 13:09,0
421,9/26/2019 13:09,1
422,9/26/2019 13:09,0
423,9/26/2019 13:09,1
424,9/26/2019 13:09,0
425,9/26/2019 13:09,1
426,9/26/2019 13:09,0
427,9/26/2019 13:09,1
428,9/26/2019 13:10,0
429,9/26/2019 13:10,1
430,9/26/2019 13:10,0
431,9/26/2019 13:10,1
432,9/26/2019 13:10,0
433,9/26/2019 13:10,0
434,9/26/2019 13:10,1
435,9/26/2019 13:10,0
436,9/26/2019 13:10,0
437,9/26/2019 13:10,0
438,9/26/2019 13:10,0
439,9/26/2019 13:10,0
440,9/26/2019 13:10,0
441,9/26/2019 13:10,0
442,9/26/2019 13:10,0
443,9/26/2019 13:10,0
444,9/26/2019 13:10,0
445,9/26/2019 13:10,0
446,9/26/2019 13:10,0
447,9/26/2019 13:10,0
448,9/26/2019 13:10,0
449,9/26/2019 13:10,0
450,9/26/2019 13:10,0
451,9/26/2019 13:10,0
452,9/26/2019 13:10,0
453,9/26/2019 13:10,0
454,9/26/2019 13:10,0
455,9/26/2019 13:10,0
456,9/26/2019 13:10,0
457,9/26/2019 13:10,0
458,9/26/2019 13:10,0
459,9/26/2019 13:10,0
460,9/26/2019 13:10,0
461,9/26/2019 13:10,0
462,9/26/2019 13:10,0
463,9/26/2019 13:10,0
464,9/26/2019 13:11,0
465,9/26/2019 13:11,0
466,9/26/2019 13:11,0
467,9/26/2019 13:11,0
468,9/26/2019 13:11,0
469,9/26/2019 13:11,0
470,9/26/2019 13:11,0
471,9/26/2019 13:11,0
472,9/26/2019 13:11,0
473,9/26/2019 13:11,0
474,9/26/2019 13:11,0
475,9/26/2019 13:11,0
476,9/26/2019 13:11,0
477,9/26/2019 13:11,0
478,9/26/2019 13:11,0
479,9/26/2019 13:11,0
480,9/26/2019 13:11,0
481,9/26/2019 13:11,0
482,9/26/2019 13:11,0
483,9/26/2019 13:11,0
484,9/26/2019 13:11,0
485,9/26/2019 13:11,0
486,9/26/2019 13:11,0
487,9/26/2019 13:11,0
488,9/26/2019 13:11,0
489,9/26/2019 13:11,0
490,9/26/2019 13:11,0
491,9/26/2019 13:11,0
492,9/26/2019 13:11,0
493,9/26/2019 13:11,0
494,9/26/2019 14:03,0
495,9/26/2019 15:12,0
496,9/27/2019 9:09,0
497,9/27/2019 9:12,0
498,9/27/2019 9:12,0
499,9/27/2019 9:16,1
500,9/27/2019 9:23,1
501,9/27/2019 9:24,1
502,9/27/2019 9:25,0
503,9/27/2019 9:25,0
504,9/27/2019 9:26,1
505,9/27/2019 9:26,1
506,9/27/2019 9:42,0
507,9/27/2019 9:53,0
508,9/27/2019 9:53,0
509,9/27/2019 9:53,0
510,9/27/2019 10:00,1
511,9/27/2019 10:15,1
512,9/27/2019 10:27,0
513,9/27/2019 11:39,0
514,9/27/2019 11:50,0
515,9/27/2019 11:50,0
516,9/27/2019 11:50,0
517,9/27/2019 11:50,0
518,9/27/2019 11:50,0
519,9/27/2019 11:50,0
520,9/27/2019 11:50,0
521,9/27/2019 11:50,0
522,9/27/2019 11:50,0
523,9/27/2019 11:51,0
524,9/27/2019 11:51,0
525,9/27/2019 11:51,0
526,9/27/2019 11:51,0
527,9/27/2019 11:51,0
528,9/27/2019 11:51,0
529,9/27/2019 11:51,0
530,9/27/2019 11:51,0
531,9/27/2019 11:51,0
532,9/27/2019 11:51,0
533,9/27/2019 11:51,0
534,9/27/2019 11:51,0
535,9/27/2019 11:51,1
536,9/27/2019 11:51,0
537,9/27/2019 11:51,0
538,9/27/2019 11:51,0
539,9/27/2019 11:51,1
540,9/27/2019 11:56,1
541,9/27/2019 11:58,1
542,9/27/2019 11:58,0
543,9/27/2019 11:58,0
544,9/27/2019 12:18,0
545,9/27/2019 12:18,0
546,9/27/2019 12:27,0
547,9/27/2019 12:28,0
548,9/27/2019 12:28,0
549,9/27/2019 12:42,1
550,9/27/2019 12:51,0
551,9/27/2019 12:52,1
552,9/27/2019 13:05,0
553,9/27/2019 13:05,0
554,9/27/2019 13:06,1
555,9/27/2019 13:06,1
556,9/27/2019 13:06,1
557,9/27/2019 13:06,0
558,9/27/2019 13:06,1
559,9/27/2019 13:06,0
560,9/27/2019 13:07,0
561,9/27/2019 14:25,0
562,9/27/2019 14:25,0
563,9/27/2019 14:25,0
564,9/27/2019 14:25,0
565,9/27/2019 14:25,0
566,9/27/2019 14:25,0
567,9/27/2019 14:25,0
568,9/27/2019 14:25,0
569,9/27/2019 14:33,1
570,9/27/2019 14:33,1
571,9/27/2019 14:33,1
572,9/27/2019 14:33,1
573,9/27/2019 14:33,1
574,9/27/2019 14:33,1
575,9/27/2019 14:33,1
576,9/27/2019 14:33,1
577,9/27/2019 14:33,1
578,9/27/2019 14:33,1
579,9/27/2019 14:34,0
580,9/27/2019 14:34,0
581,9/27/2019 14:34,0
582,9/27/2019 14:36,1
583,9/27/2019 14:41,0
584,9/27/2019 14:41,1
585,9/27/2019 14:41,1
586,9/27/2019 14:41,0
587,9/27/2019 14:41,0
588,9/27/2019 14:55,0
589,9/27/2019 14:55,0
590,9/27/2019 14:55,1
591,9/27/2019 14:55,1
592,9/27/2019 14:55,1
593,9/27/2019 14:55,1
594,9/27/2019 14:55,1
595,9/27/2019 14:56,1
596,9/27/2019 14:56,1
597,9/27/2019 14:56,1
598,9/27/2019 14:56,1
599,9/27/2019 14:56,1
600,9/27/2019 14:56,1
601,9/27/2019 14:56,1
602,9/27/2019 14:56,1
603,9/27/2019 14:56,1
604,9/27/2019 14:56,1
605,9/27/2019 14:56,1
606,9/27/2019 14:56,1
607,9/27/2019 14:56,1
608,9/27/2019 14:56,1
609,9/27/2019 14:56,1
610,9/27/2019 14:56,0
611,9/27/2019 14:56,1
612,9/27/2019 14:56,0
613,9/27/2019 14:56,1
614,9/27/2019 14:56,1
615,9/27/2019 14:56,0
616,9/27/2019 14:56,1
617,9/27/2019 14:56,1
618,9/27/2019 14:56,1
619,9/27/2019 14:56,1
620,9/27/2019 14:56,1
621,9/27/2019 14:56,0
622,9/27/2019 14:56,1
623,9/27/2019 14:56,0
624,9/27/2019 14:56,1
625,9/27/2019 14:56,0
626,9/27/2019 14:56,1
627,9/27/2019 14:56,1
628,9/27/2019 14:56,0
629,9/27/2019 14:56,1
630,9/27/2019 14:56,0
631,9/27/2019 14:56,1
632,9/27/2019 14:56,0
633,9/27/2019 14:56,0
634,9/27/2019 14:56,0
635,9/27/2019 14:56,1
636,9/27/2019 14:56,0
637,9/27/2019 14:56,0
638,9/27/2019 14:56,0
639,9/27/2019 14:56,0
640,9/27/2019 14:56,0
641,9/27/2019 14:56,0
642,9/27/2019 14:56,0
643,9/27/2019 14:56,0
644,9/27/2019 14:56,0
645,9/27/2019 14:56,1
646,9/27/2019 14:56,0
647,9/27/2019 14:56,1
648,9/27/2019 14:56,1
649,9/27/2019 14:56,1
650,9/27/2019 14:56,1
651,9/27/2019 14:56,1
652,9/27/2019 14:57,1
653,9/27/2019 14:58,0
654,9/27/2019 14:59,0
655,9/27/2019 15:27,1
656,9/27/2019 15:28,0
657,9/27/2019 16:04,1
658,9/27/2019 16:13,1
659,9/27/2019 16:13,1
660,9/27/2019 16:16,1
661,9/27/2019 16:21,0
662,9/27/2019 16:21,0
663,9/27/2019 16:21,0
664,9/27/2019 16:21,0
665,9/27/2019 16:21,0
666,9/27/2019 16:21,0
667,9/27/2019 16:21,0
668,9/27/2019 16:21,0
669,9/27/2019 16:21,0
670,9/27/2019 16:21,0
671,9/27/2019 16:21,0
672,9/27/2019 16:21,0
673,9/27/2019 16:22,0
674,9/27/2019 16:22,0
675,9/27/2019 16:22,0
676,9/27/2019 16:22,0
677,9/27/2019 16:22,0
678,9/27/2019 16:22,0
679,9/27/2019 16:22,0
680,9/27/2019 16:22,0
681,9/27/2019 16:22,0
682,9/27/2019 16:22,0
683,9/27/2019 16:22,0
684,9/27/2019 16:22,0
685,9/27/2019 16:22,0
686,9/27/2019 16:22,0
687,9/27/2019 16:22,0
688,9/27/2019 16:22,0
689,9/27/2019 16:22,0
690,9/27/2019 16:22,0
691,9/27/2019 16:22,0
692,9/27/2019 16:22,0
693,9/27/2019 16:22,0
694,9/27/2019 16:23,1
695,9/27/2019 16:23,0
696,9/27/2019 16:23,0
697,9/27/2019 16:23,0
698,9/27/2019 16:23,0
699,9/27/2019 16:23,0
700,9/27/2019 16:23,0
701,9/27/2019 16:23,0
702,9/27/2019 16:23,0
703,9/27/2019 16:23,0
704,9/27/2019 16:23,0
705,9/27/2019 16:23,0
706,9/27/2019 16:23,0
707,9/27/2019 16:23,0
708,9/27/2019 16:23,0
709,9/27/2019 16:23,0
710,9/27/2019 16:23,0
711,9/27/2019 16:23,0
712,9/27/2019 16:23,0
713,9/27/2019 16:23,0
714,9/27/2019 16:23,0
715,9/27/2019 16:23,0
716,9/27/2019 16:23,0
717,9/27/2019 16:23,0
718,9/27/2019 16:23,0
719,9/27/2019 16:23,0
720,9/27/2019 16:23,0
721,9/27/2019 16:23,0
722,9/27/2019 16:23,0
723,9/27/2019 16:23,0
724,9/27/2019 16:23,0
725,9/27/2019 16:23,0
726,9/27/2019 16:23,0
727,9/27/2019 16:23,0
728,9/27/2019 16:23,0
729,9/27/2019 16:23,0
730,9/27/2019 16:23,0
731,9/27/2019 16:23,0
732,9/27/2019 16:23,0
733,9/27/2019 16:23,0
734,9/27/2019 16:23,0
735,9/27/2019 16:23,0
736,9/27/2019 16:23,0
737,9/27/2019 16:23,0
738,9/27/2019 16:23,0
739,9/27/2019 16:23,0
740,9/27/2019 16:23,0
741,9/27/2019 16:23,0
742,9/27/2019 16:23,0
743,9/27/2019 16:23,0
744,9/27/2019 16:23,0
745,9/27/2019 16:23,0
746,9/27/2019 16:23,0
747,9/27/2019 16:23,0
748,9/27/2019 16:23,0
749,9/27/2019 16:23,0
750,9/27/2019 16:23,0
751,9/27/2019 16:23,0
752,9/27/2019 16:24,0
753,9/27/2019 16:24,0
754,9/27/2019 16:24,0
755,9/27/2019 16:24,0
756,9/27/2019 16:24,0
757,9/27/2019 16:24,0
758,9/27/2019 16:24,0
759,9/27/2019 16:24,0
760,9/27/2019 16:24,0
761,9/27/2019 16:24,0
762,9/27/2019 16:24,0
763,9/27/2019 16:24,0
764,9/27/2019 16:24,0
765,9/27/2019 16:24,0
766,9/27/2019 16:24,0
767,9/27/2019 16:24,0
768,9/27/2019 16:24,0
769,9/27/2019 16:24,0
770,9/27/2019 16:24,0
771,9/27/2019 16:24,0
772,9/27/2019 16:24,0
773,9/27/2019 16:24,0
774,9/27/2019 16:24,0
775,9/27/2019 16:24,0
776,9/27/2019 16:24,0
777,9/27/2019 16:24,0
778,9/27/2019 16:24,0
779,9/27/2019 16:24,0
780,9/27/2019 16:24,0
781,9/27/2019 16:24,0
782,9/27/2019 16:24,0
783,9/27/2019 16:24,0
784,9/27/2019 16:24,0
785,9/27/2019 16:24,0
786,9/27/2019 16:24,0
787,9/27/2019 16:24,0
788,9/27/2019 16:24,0
789,9/27/2019 16:24,0
790,9/27/2019 16:24,0
791,9/27/2019 16:24,0
792,9/27/2019 16:24,0
793,9/27/2019 16:24,0
794,9/27/2019 16:24,0
795,9/27/2019 16:24,0
796,9/27/2019 16:24,0
797,9/27/2019 16:24,0
798,9/27/2019 16:24,0
799,9/27/2019 16:24,0
800,9/27/2019 16:24,0
801,9/27/2019 16:24,0
802,9/27/2019 16:24,0
803,9/27/2019 16:24,0
804,9/27/2019 16:24,0
805,9/27/2019 16:24,0
806,9/27/2019 16:24,0
807,9/27/2019 16:24,0
808,9/27/2019 16:24,0
809,9/27/2019 16:24,0
810,9/27/2019 16:24,0
811,9/27/2019 16:24,0
812,9/27/2019 16:24,0
813,9/27/2019 16:24,0
814,9/27/2019 16:24,0
815,9/27/2019 16:24,0
816,9/27/2019 16:24,0
817,9/27/2019 16:24,0
818,9/27/2019 16:24,0
819,9/27/2019 16:24,0
820,9/27/2019 16:24,0
821,9/27/2019 16:24,0
822,9/27/2019 16:24,0
823,9/27/2019 16:24,0
824,9/27/2019 16:25,0
825,9/27/2019 16:25,0
826,9/27/2019 16:25,0
827,9/27/2019 16:25,0
828,9/27/2019 16:25,0
829,9/27/2019 16:25,0
830,9/27/2019 16:27,0
831,9/27/2019 16:27,1
832,9/27/2019 16:27,0
833,9/27/2019 16:27,1
834,9/27/2019 16:27,0
835,9/27/2019 16:28,1
836,9/27/2019 16:28,0
837,9/27/2019 16:28,0
838,9/27/2019 16:28,0
839,9/27/2019 16:28,0
840,9/27/2019 16:28,0
841,9/27/2019 16:28,0
842,9/27/2019 16:28,0
843,9/27/2019 16:28,1
844,9/27/2019 16:28,0
845,9/27/2019 16:28,0
846,9/27/2019 16:28,0
847,9/27/2019 16:29,0
848,9/27/2019 16:29,0
849,9/27/2019 16:29,0
850,9/27/2019 16:29,0
851,9/27/2019 16:29,0
852,9/27/2019 16:29,0
853,9/27/2019 16:29,0
854,9/27/2019 16:29,0
855,9/27/2019 16:29,0
856,9/27/2019 16:29,0
857,9/27/2019 16:29,0
858,9/27/2019 16:29,0
859,9/27/2019 16:29,0
860,9/27/2019 16:29,0
861,9/27/2019 16:29,0
862,9/27/2019 16:29,0
863,9/27/2019 16:29,0
864,9/27/2019 16:29,0
865,9/27/2019 16:44,0
866,9/27/2019 16:44,0
867,9/27/2019 16:44,0
868,9/27/2019 16:45,0
869,9/27/2019 16:45,1
870,9/27/2019 16:46,1
871,9/27/2019 16:46,0
872,9/27/2019 16:46,1
873,9/27/2019 16:47,0
874,9/27/2019 16:47,0
875,9/27/2019 16:47,0
876,9/27/2019 16:47,0
877,9/27/2019 16:47,0
878,9/27/2019 16:47,0
879,9/27/2019 16:47,0
880,9/27/2019 16:47,0
881,9/27/2019 16:47,1
882,9/27/2019 16:47,1
883,9/27/2019 16:47,0
884,9/27/2019 16:47,1
885,9/27/2019 16:47,0
886,9/27/2019 16:47,1
887,9/27/2019 16:47,0
888,9/27/2019 16:47,0
889,9/27/2019 16:47,0
890,9/27/2019 16:47,0
891,9/27/2019 16:47,0
892,9/27/2019 16:47,1
893,9/27/2019 16:47,1
894,9/27/2019 16:47,0
895,9/27/2019 16:47,1
896,9/27/2019 16:47,1
897,9/27/2019 16:47,1
898,9/27/2019 16:47,1
899,9/27/2019 16:47,0
900,9/27/2019 16:47,1
901,9/27/2019 16:47,1
902,9/27/2019 16:47,1
903,9/27/2019 16:48,0
904,9/27/2019 16:48,0
905,9/27/2019 16:48,1
906,9/27/2019 16:57,0
907,9/27/2019 16:57,0
908,9/27/2019 16:57,1
909,9/27/2019 16:57,0
910,9/27/2019 16:57,1
911,9/27/2019 16:57,0
912,9/27/2019 16:57,0
913,9/27/2019 16:57,0
914,9/27/2019 16:57,1
915,9/27/2019 16:57,1
916,9/27/2019 16:57,1
917,9/27/2019 16:57,1
918,9/27/2019 16:57,1
919,9/27/2019 16:57,1
920,9/27/2019 16:58,1
921,9/27/2019 16:58,1
922,9/27/2019 16:59,1
923,9/27/2019 17:00,1
924,9/27/2019 17:00,0
925,9/27/2019 17:00,0
926,9/27/2019 17:00,0
927,9/27/2019 17:00,0
928,9/27/2019 17:07,1
929,9/27/2019 17:07,1
930,9/27/2019 17:09,1
931,9/27/2019 17:13,1
932,9/27/2019 17:13,0
933,9/27/2019 17:13,0
934,9/27/2019 17:13,0
935,9/27/2019 17:19,1
936,9/27/2019 17:25,1
937,9/27/2019 17:30,0
938,9/27/2019 17:30,0
939,9/27/2019 17:30,0
940,9/27/2019 17:30,0
941,9/27/2019 17:30,0
942,9/27/2019 17:30,0
943,9/27/2019 17:30,0
944,9/27/2019 17:30,0
945,9/27/2019 17:30,0
946,9/27/2019 17:30,0
947,9/27/2019 17:30,0
948,9/27/2019 17:30,0
949,9/27/2019 17:30,0
950,9/27/2019 17:30,0
951,9/27/2019 17:30,0
952,9/27/2019 17:30,0
953,9/27/2019 17:30,0
954,9/27/2019 17:30,0
955,9/27/2019 17:30,0
956,9/27/2019 17:30,0
957,9/27/2019 17:30,0
958,9/27/2019 17:30,0
959,9/27/2019 17:30,0
960,9/27/2019 17:30,0
961,9/27/2019 17:30,0
962,9/27/2019 17:30,0
963,9/27/2019 17:30,0
964,9/27/2019 17:30,0
965,9/27/2019 17:30,0
966,9/27/2019 17:30,0
967,9/27/2019 17:30,0
968,9/27/2019 17:30,0
969,9/27/2019 17:30,0
970,9/27/2019 17:30,0
971,9/27/2019 17:30,0
972,9/27/2019 17:30,0
973,9/27/2019 17:30,0
974,9/27/2019 17:30,0
975,9/27/2019 17:30,0
976,9/27/2019 17:30,0
977,9/27/2019 17:30,0
978,9/27/2019 17:30,0
979,9/27/2019 17:30,0
980,9/27/2019 17:30,0
981,9/27/2019 17:30,0
982,9/27/2019 17:32,0
983,9/27/2019 17:32,0
984,9/27/2019 17:32,0
985,9/27/2019 17:32,0
986,9/27/2019 17:32,0
987,9/27/2019 17:33,0
988,9/27/2019 17:33,1
989,9/27/2019 17:33,0
990,9/27/2019 17:33,0
991,9/27/2019 17:33,0
992,9/27/2019 17:33,1
993,9/27/2019 17:33,0
994,9/27/2019 17:33,1
995,9/27/2019 17:33,0
996,9/27/2019 17:33,1
997,9/27/2019 17:33,0
998,9/27/2019 17:33,1
999,9/27/2019 17:33,0
1000,9/27/2019 17:33,1
1001,9/27/2019 17:33,0
1002,9/27/2019 17:33,1
1003,9/27/2019 17:33,0
1004,9/27/2019 17:33,1
1005,9/27/2019 17:33,0
1006,9/27/2019 17:33,1
1007,9/27/2019 17:33,0
1008,9/27/2019 17:33,1
1009,9/27/2019 17:33,0
1010,9/27/2019 17:33,1
1011,9/27/2019 17:33,1
1012,9/27/2019 17:33,0
1013,9/27/2019 17:33,1
1014,9/27/2019 17:33,0
1015,9/27/2019 17:33,1
1016,9/27/2019 17:33,1
1017,9/27/2019 17:33,0
1018,9/27/2019 17:33,0
1019,9/27/2019 17:33,1
1020,9/27/2019 17:33,0
1021,9/27/2019 17:33,1
1022,9/27/2019 17:33,0
1023,9/27/2019 17:33,0
1024,9/27/2019 17:33,1
1025,9/27/2019 17:33,0
1026,9/27/2019 17:33,1
1027,9/27/2019 17:33,1
1028,9/27/2019 17:33,0
1029,9/27/2019 17:33,0
1030,9/27/2019 17:33,1
1031,9/27/2019 17:33,0
1032,9/27/2019 17:33,1
1033,9/27/2019 17:33,0
1034,9/27/2019 17:33,1
1035,9/27/2019 17:33,1
1036,9/27/2019 17:33,0
1037,9/27/2019 17:33,1
1038,9/27/2019 17:33,0
1039,9/27/2019 17:33,1
1040,9/27/2019 17:33,0
1041,9/27/2019 17:33,1
1042,9/27/2019 17:33,1
1043,9/27/2019 17:33,0
1044,9/27/2019 17:33,1
1045,9/27/2019 17:33,1
1046,9/27/2019 17:33,0
1047,9/27/2019 17:33,1
1048,9/27/2019 17:33,0
1049,9/27/2019 17:34,0
1050,9/27/2019 17:34,1
1051,9/27/2019 17:34,1
1052,9/27/2019 17:34,0
1053,9/27/2019 17:34,1
1054,9/27/2019 17:34,0
1055,9/27/2019 17:34,1
1056,9/27/2019 17:34,0
1057,9/27/2019 17:34,1
1058,9/27/2019 17:34,1
1059,9/27/2019 17:34,0
1060,9/27/2019 17:34,0
1061,9/27/2019 17:34,1
1062,9/27/2019 17:34,0
1063,9/27/2019 17:34,1
1064,9/27/2019 17:34,0
1065,9/27/2019 17:34,1
1066,9/27/2019 17:34,0
1067,9/27/2019 17:34,1
1068,9/27/2019 17:34,0
1069,9/27/2019 17:34,1
1070,9/27/2019 17:34,0
1071,9/27/2019 17:34,1
1072,9/27/2019 17:34,0
1073,9/27/2019 17:34,1
1074,9/27/2019 17:34,0
1075,9/27/2019 17:34,1
1076,9/27/2019 17:34,0
1077,9/27/2019 17:34,0
1078,9/27/2019 17:34,1
1079,9/27/2019 17:34,0
1080,9/27/2019 17:34,1
1081,9/27/2019 17:34,0
1082,9/27/2019 17:34,1
1083,9/27/2019 17:34,0
1084,9/27/2019 17:34,1
1085,9/27/2019 17:34,1
1086,9/27/2019 17:34,0
1087,9/27/2019 17:34,1
1088,9/27/2019 17:34,0
1089,9/27/2019 17:34,1
1090,9/27/2019 17:34,1
1091,9/27/2019 17:34,0
1092,9/27/2019 17:34,1
1093,9/27/2019 17:34,0
1094,9/27/2019 17:34,1
1095,9/27/2019 17:34,1
1096,9/27/2019 17:34,0
1097,9/27/2019 17:34,1
1098,9/27/2019 17:34,0
1099,9/27/2019 17:34,0
1100,9/27/2019 17:34,1
1101,9/27/2019 17:34,0
1102,9/27/2019 17:34,1
1103,9/27/2019 17:34,1
1104,9/27/2019 17:34,1
1105,9/27/2019 17:34,0
1106,9/27/2019 17:34,0
1107,9/27/2019 17:34,1
1108,9/27/2019 17:34,0
1109,9/27/2019 17:34,1
1110,9/27/2019 17:34,0
1111,9/27/2019 17:34,0
1112,9/27/2019 17:34,1
1113,9/27/2019 17:34,1
1114,9/27/2019 17:34,0
1115,9/27/2019 17:34,1
1116,9/27/2019 17:34,1
1117,9/27/2019 17:34,0
1118,9/27/2019 17:34,1
1119,9/27/2019 17:34,1
1120,9/27/2019 17:34,0
1121,9/27/2019 17:34,1
1122,9/27/2019 17:34,0
1123,9/27/2019 17:34,1
1124,9/27/2019 17:34,0
1125,9/27/2019 17:34,1
1126,9/27/2019 17:35,0
1127,9/27/2019 17:36,0
1128,9/27/2019 17:56,1
1129,9/27/2019 17:57,0
1130,9/27/2019 17:58,0
1131,9/27/2019 17:58,0
1132,9/27/2019 17:58,0
1133,9/27/2019 17:58,0
1134,9/27/2019 17:58,0
1135,9/27/2019 18:06,0
1136,9/27/2019 18:06,1
1137,9/27/2019 18:06,0
1138,9/27/2019 18:07,0
1139,9/27/2019 18:07,0
1140,9/27/2019 18:07,1
1141,9/27/2019 18:07,1
1142,9/27/2019 18:07,0
1143,9/27/2019 18:07,1
1144,9/27/2019 18:07,0
1145,9/27/2019 18:07,1
1146,9/27/2019 18:07,0
1147,9/27/2019 18:07,0
1148,9/27/2019 18:07,0
1149,9/27/2019 18:07,0
1150,9/27/2019 18:07,0
1151,9/27/2019 18:12,0
1152,9/27/2019 18:29,1
1153,9/27/2019 18:43,0
1154,9/27/2019 18:51,0
1155,9/27/2019 18:51,0
1156,9/27/2019 18:51,0
1157,9/27/2019 18:51,0
1158,9/27/2019 18:51,0
1159,9/27/2019 18:51,0
1160,9/27/2019 18:51,0
1161,9/27/2019 18:51,0
1162,9/27/2019 18:51,1
1163,9/27/2019 18:51,0
1164,9/27/2019 18:51,0
1165,9/27/2019 18:51,0
1166,9/27/2019 18:51,1
1167,9/27/2019 18:51,1
1168,9/27/2019 18:51,0
1169,9/27/2019 18:51,0
1170,9/27/2019 18:52,0
1171,9/27/2019 18:52,0
1172,9/27/2019 18:52,0
1173,9/27/2019 18:52,0
1174,9/27/2019 18:52,0
1175,9/27/2019 18:52,0
1176,9/27/2019 18:52,1
1177,9/27/2019 18:52,1
1178,9/27/2019 18:52,0
1179,9/27/2019 18:52,0
1180,9/27/2019 18:52,1
1181,9/27/2019 18:52,0
1182,9/27/2019 18:52,0
1183,9/27/2019 18:52,1
1184,9/27/2019 18:52,0
1185,9/27/2019 18:52,1
1186,9/27/2019 18:52,0
1187,9/27/2019 18:52,1
1188,9/27/2019 18:52,1
1189,9/27/2019 18:52,0
1190,9/27/2019 18:52,1
1191,9/27/2019 18:52,0
1192,9/27/2019 18:52,1
1193,9/27/2019 18:52,0
1194,9/27/2019 18:52,0
1195,9/27/2019 18:52,1
1196,9/27/2019 18:52,1
1197,9/27/2019 18:52,0
1198,9/27/2019 18:52,1
1199,9/27/2019 18:52,0
1200,9/27/2019 18:52,1
1201,9/27/2019 18:52,0
1202,9/27/2019 18:52,1
1203,9/27/2019 18:52,0
1204,9/27/2019 18:52,1
1205,9/27/2019 18:52,1
1206,9/27/2019 18:52,1
1207,9/27/2019 18:52,0
1208,9/27/2019 18:52,0
1209,9/27/2019 18:53,1
1210,9/27/2019 18:53,0
1211,9/27/2019 18:53,1
1212,9/27/2019 18:53,0
1213,9/27/2019 18:53,1
1214,9/27/2019 18:53,1
1215,9/27/2019 18:53,0
1216,9/27/2019 18:53,1
1217,9/27/2019 18:53,0
1218,9/27/2019 18:53,0
1219,9/27/2019 18:53,1
1220,9/27/2019 18:53,1
1221,9/27/2019 18:53,1
1222,9/27/2019 18:53,0
1223,9/27/2019 18:53,1
1224,9/27/2019 18:53,1
1225,9/27/2019 18:53,0
1226,9/27/2019 18:53,1
1227,9/27/2019 18:53,0
1228,9/27/2019 18:53,1
1229,9/27/2019 18:53,0
1230,9/27/2019 18:53,1
1231,9/27/2019 18:53,0
1232,9/27/2019 18:53,1
1233,9/27/2019 18:53,0
1234,9/27/2019 18:53,0
1235,9/27/2019 18:53,0
1236,9/27/2019 18:53,0
1237,9/27/2019 18:53,0
1238,9/27/2019 18:53,0
1239,9/27/2019 18:53,0
1240,9/27/2019 18:53,0
1241,9/27/2019 18:53,0
1242,9/27/2019 18:53,0
1243,9/27/2019 18:53,0
1244,9/27/2019 18:53,0
1245,9/27/2019 18:53,0
1246,9/27/2019 18:53,0
1247,9/27/2019 18:53,0
1248,9/27/2019 18:53,0
1249,9/27/2019 18:53,0
1250,9/27/2019 18:53,0
1251,9/27/2019 18:53,0
1252,9/27/2019 18:54,0
1253,9/27/2019 18:54,0
1254,9/27/2019 18:54,0
1255,9/27/2019 18:54,0
1256,9/27/2019 18:54,0
1257,9/27/2019 18:54,0
1258,9/27/2019 18:54,0
1259,9/27/2019 18:54,0
1260,9/27/2019 18:54,0
1261,9/27/2019 18:54,0
1262,9/27/2019 18:54,0
1263,9/27/2019 18:54,0
1264,9/27/2019 18:54,0
1265,9/27/2019 18:54,0
1266,9/27/2019 18:54,0
1267,9/27/2019 18:54,0
1268,9/27/2019 18:54,0
1269,9/27/2019 18:54,0
1270,9/27/2019 18:54,0
1271,9/27/2019 18:54,0
1272,9/27/2019 18:54,0
1273,9/27/2019 18:54,0
1274,9/27/2019 18:54,0
1275,9/27/2019 18:54,0
1276,9/27/2019 18:54,0
1277,9/27/2019 18:54,0
1278,9/27/2019 18:54,0
1279,9/27/2019 18:54,0
1280,9/27/2019 18:54,0
1281,9/27/2019 18:54,0
1282,9/27/2019 18:54,0
1283,9/27/2019 18:54,0
1284,9/27/2019 18:54,0
1285,9/27/2019 18:54,0
1286,9/27/2019 18:54,0
1287,9/27/2019 18:54,0
1288,9/27/2019 18:54,0
1289,9/27/2019 18:54,0
1290,9/27/2019 18:54,0
1291,9/27/2019 18:55,0
1292,9/27/2019 18:55,0
1293,9/27/2019 18:55,0
1294,9/27/2019 18:55,0
1295,9/27/2019 18:55,0
1296,9/27/2019 18:55,0
1297,9/27/2019 18:55,0
1298,9/27/2019 18:55,0
1299,9/27/2019 18:55,0
1300,9/27/2019 18:55,0
1301,9/27/2019 18:55,0
1302,9/27/2019 18:55,0
1303,9/27/2019 18:55,0
1304,9/27/2019 18:55,0
1305,9/27/2019 18:55,0
1306,9/27/2019 18:55,0
1307,9/27/2019 18:55,0
1308,9/27/2019 18:55,0
1309,9/27/2019 18:55,0
1310,9/27/2019 18:55,0
1311,9/27/2019 18:55,0
1312,9/27/2019 18:55,0
1313,9/27/2019 18:55,0
1314,9/27/2019 18:55,0
1315,9/27/2019 18:55,0
1316,9/27/2019 18:55,0
1317,9/27/2019 18:55,0
1318,9/27/2019 18:55,0
1319,9/27/2019 18:55,0
1320,9/27/2019 18:55,0
1321,9/27/2019 18:55,0
1322,9/27/2019 18:55,0
1323,9/27/2019 18:55,0
1324,9/27/2019 18:55,0
1325,9/27/2019 18:55,0
1326,9/27/2019 18:55,0
1327,9/27/2019 18:55,0
1328,9/27/2019 18:55,0
1329,9/27/2019 18:55,0
1330,9/27/2019 18:55,0
1331,9/27/2019 18:55,0
1332,9/27/2019 18:55,0
1333,9/27/2019 18:55,0
1334,9/27/2019 18:55,0
1335,9/27/2019 18:55,0
1336,9/27/2019 18:55,0
1337,9/27/2019 18:55,0
1338,9/27/2019 18:55,0
1339,9/27/2019 18:55,0
1340,9/27/2019 18:55,0
1341,9/27/2019 18:55,0
1342,9/27/2019 18:55,0
1343,9/27/2019 18:55,0
1344,9/27/2019 18:55,0
1345,9/27/2019 18:55,0
1346,9/27/2019 18:55,0
1347,9/27/2019 18:55,0
1348,9/27/2019 18:55,0
1349,9/27/2019 18:55,0
1350,9/27/2019 18:55,0
1351,9/27/2019 18:56,0
1352,9/27/2019 18:56,0
1353,9/27/2019 18:56,0
1354,9/27/2019 18:56,0
1355,9/27/2019 18:56,0
1356,9/27/2019 18:56,0
1357,9/27/2019 18:56,0
1358,9/27/2019 18:56,0
1359,9/27/2019 18:56,0
1360,9/27/2019 18:56,0
1361,9/27/2019 18:56,0
1362,9/27/2019 18:56,0
1363,9/27/2019 18:56,0
1364,9/27/2019 18:56,0
1365,9/27/2019 18:56,0
1366,9/27/2019 18:56,0
1367,9/27/2019 18:56,0
1368,9/27/2019 18:56,0
1369,9/27/2019 18:56,0
1370,9/27/2019 18:56,0
1371,9/27/2019 18:56,0
1372,9/27/2019 18:56,0
1373,9/27/2019 18:56,0
1374,9/27/2019 18:56,0
1375,9/27/2019 18:56,0
1376,9/27/2019 18:56,0
1377,9/27/2019 18:56,0
1378,9/27/2019 18:56,0
1379,9/27/2019 18:56,0
1380,9/27/2019 18:56,0
1381,9/27/2019 18:56,1
1382,9/27/2019 18:56,1
1383,9/27/2019 18:57,1
1384,9/27/2019 18:57,0
1385,9/27/2019 18:57,1
1386,9/27/2019 18:57,1
1387,9/27/2019 18:57,0
1388,9/27/2019 18:57,1
1389,9/27/2019 18:57,0
1390,9/27/2019 18:57,1
1391,9/27/2019 18:57,0
1392,9/27/2019 18:57,0
1393,9/27/2019 18:57,0
1394,9/27/2019 18:57,1
1395,9/27/2019 18:57,0
1396,9/27/2019 18:57,1
1397,9/27/2019 18:57,0
1398,9/27/2019 18:57,0
1399,9/27/2019 18:57,1
1400,9/27/2019 18:57,1
1401,9/27/2019 18:57,0
1402,9/27/2019 18:57,0
1403,9/27/2019 18:57,1
1404,9/27/2019 18:57,0
1405,9/27/2019 18:57,0
1406,9/27/2019 18:57,0
1407,9/27/2019 18:57,0
1408,9/27/2019 18:57,0
1409,9/27/2019 18:57,0
1410,9/27/2019 18:57,0
1411,9/27/2019 18:57,1
1412,9/27/2019 18:57,1
1413,9/27/2019 18:57,0
1414,9/27/2019 18:57,0
1415,9/27/2019 18:57,0
1416,9/27/2019 18:57,0
1417,9/27/2019 18:57,0
1418,9/27/2019 18:57,0
1419,9/27/2019 18:57,0
1420,9/27/2019 18:57,0
1421,9/27/2019 18:57,0
1422,9/27/2019 18:57,0
1423,9/27/2019 18:57,0
1424,9/27/2019 18:57,0
1425,9/27/2019 18:57,0
1426,9/27/2019 18:58,1
1427,9/27/2019 18:58,0
1428,9/27/2019 18:58,1
1429,9/27/2019 18:58,1
1430,9/27/2019 18:58,0
1431,9/27/2019 18:58,1
1432,9/27/2019 18:58,0
1433,9/27/2019 18:58,0
1434,9/27/2019 18:58,0
1435,9/27/2019 18:58,0
1436,9/27/2019 18:58,0
1437,9/27/2019 18:58,0
1438,9/27/2019 18:58,0
1439,9/27/2019 18:58,0
1440,9/27/2019 18:58,1
1441,9/27/2019 18:58,0
1442,9/27/2019 18:58,0
1443,9/27/2019 18:58,0
1444,9/27/2019 18:58,0
1445,9/27/2019 18:58,0
1446,9/27/2019 18:59,0
1447,9/27/2019 18:59,0
1448,9/27/2019 18:59,0
1449,9/27/2019 18:59,0
1450,9/27/2019 18:59,0
1451,9/27/2019 18:59,0
1452,9/27/2019 18:59,0
1453,9/27/2019 18:59,0
1454,9/27/2019 18:59,0
1455,9/27/2019 18:59,0
1456,9/27/2019 18:59,0
1457,9/27/2019 18:59,0
1458,9/27/2019 18:59,0
1459,9/27/2019 19:00,0
1460,9/27/2019 19:00,0
1461,9/27/2019 19:00,0
1462,9/27/2019 19:00,1
1463,9/27/2019 20:25,0
1464,9/27/2019 20:31,1
1465,9/27/2019 20:41,1
1466,9/30/2019 9:38,0
1467,9/30/2019 11:00,0
1468,9/30/2019 11:35,0
1469,9/30/2019 12:19,0
1470,9/30/2019 12:19,0
1471,9/30/2019 14:33,0
1472,9/30/2019 14:54,0
1473,9/30/2019 15:30,1
1474,9/30/2019 15:52,0
1475,9/30/2019 16:10,1
1476,9/30/2019 16:14,0
1477,9/30/2019 16:15,1
1478,9/30/2019 16:15,1
1479,9/30/2019 16:15,1
1480,9/30/2019 16:15,0
1481,9/30/2019 16:23,0
1482,10/1/2019 16:44,0
1483,10/1/2019 16:45,1
1484,10/1/2019 16:45,1
1485,10/1/2019 16:46,1
1486,10/1/2019 16:51,1
1487,10/1/2019 16:53,1
1488,10/1/2019 16:58,0
1489,10/1/2019 17:15,1
1490,10/1/2019 18:07,0
1491,10/1/2019 18:07,1
1492,10/1/2019 18:08,1
1493,10/1/2019 18:14,1
1494,10/2/2019 11:25,1
1495,10/2/2019 11:25,0
1496,10/2/2019 11:25,1
1497,10/2/2019 11:25,0
1498,10/2/2019 11:25,0
1499,10/2/2019 11:25,0
1500,10/2/2019 11:25,0
1501,10/2/2019 11:25,0
1502,10/2/2019 11:25,0
1503,10/2/2019 11:25,1
1504,10/2/2019 11:28,0
1505,10/2/2019 11:28,0
1506,10/2/2019 11:28,1
1507,10/2/2019 11:28,0
1508,10/2/2019 11:28,1
1509,10/2/2019 11:28,1
1510,10/2/2019 11:29,1
1511,10/2/2019 11:29,0
1512,10/2/2019 11:29,1
1513,10/2/2019 11:30,0
1514,10/2/2019 11:31,0
1515,10/2/2019 11:31,1
1516,10/2/2019 11:31,1
1517,10/2/2019 11:31,0
1518,10/2/2019 11:32,1
1519,10/2/2019 11:32,1
1520,10/2/2019 11:32,1
1521,10/2/2019 11:32,0
1522,10/2/2019 11:34,0
1523,10/2/2019 11:34,1
1524,10/2/2019 11:34,0
1525,10/2/2019 11:34,1
1526,10/2/2019 11:34,0
1527,10/2/2019 11:34,1
1528,10/2/2019 11:34,0
1529,10/2/2019 11:34,1
1530,10/2/2019 11:34,0
1531,10/2/2019 11:34,1
1532,10/2/2019 11:34,0
1533,10/2/2019 11:34,1
1534,10/2/2019 11:34,0
1535,10/2/2019 11:34,1
1536,10/2/2019 11:34,0
1537,10/2/2019 11:35,1
1538,10/2/2019 11:35,0
1539,10/2/2019 11:35,1
1540,10/2/2019 11:35,0
1541,10/2/2019 11:35,1
1542,10/2/2019 11:35,0
1543,10/2/2019 11:35,1
1544,10/2/2019 11:35,0
1545,10/2/2019 11:35,1
1546,10/2/2019 11:35,0
1547,10/2/2019 11:35,1
1548,10/2/2019 11:35,0
1549,10/2/2019 11:35,1
1550,10/2/2019 11:35,1
1551,10/2/2019 11:35,0
1552,10/2/2019 11:35,1
1553,10/2/2019 11:35,0
1554,10/2/2019 11:35,1
1555,10/2/2019 11:35,0
1556,10/2/2019 11:35,1
1557,10/2/2019 11:35,0
1558,10/2/2019 11:35,1
1559,10/2/2019 11:35,0
1560,10/2/2019 11:35,1
1561,10/2/2019 11:35,0
1562,10/2/2019 11:35,1
1563,10/2/2019 11:35,0
1564,10/2/2019 11:35,1
1565,10/2/2019 11:35,0
1566,10/2/2019 11:35,1
1567,10/2/2019 11:35,0
1568,10/2/2019 11:35,1
1569,10/2/2019 11:41,1
1570,10/2/2019 11:41,1
1571,10/2/2019 11:41,0
1572,10/2/2019 11:42,1
1573,10/2/2019 11:42,1
1574,10/2/2019 11:51,0
1575,10/2/2019 11:58,0
1576,10/2/2019 11:58,0
1577,10/2/2019 11:59,1
1578,10/2/2019 11:59,1
1579,10/2/2019 11:59,1
1580,10/2/2019 11:59,1
1581,10/2/2019 11:59,1
1582,10/2/2019 11:59,1
1583,10/2/2019 11:59,1
1584,10/2/2019 11:59,1
1585,10/2/2019 11:59,1
1586,10/2/2019 11:59,1
1587,10/2/2019 11:59,1
1588,10/2/2019 11:59,1
1589,10/2/2019 11:59,1
1590,10/2/2019 11:59,1
1591,10/2/2019 11:59,1
1592,10/2/2019 11:59,1
1593,10/2/2019 11:59,1
1594,10/2/2019 11:59,1
1595,10/2/2019 11:59,1
1596,10/2/2019 11:59,1
1597,10/2/2019 11:59,1
1598,10/2/2019 11:59,1
1599,10/2/2019 11:59,1
1600,10/2/2019 12:44,1
1601,10/2/2019 12:44,1
1602,10/2/2019 12:44,1
1603,10/2/2019 12:44,1
1604,10/2/2019 12:44,1
1605,10/2/2019 12:44,1
1606,10/2/2019 12:44,1
1607,10/2/2019 12:44,1
1608,10/2/2019 12:44,1
1609,10/2/2019 12:44,1
1610,10/2/2019 12:44,0
1611,10/2/2019 12:44,1
1612,10/2/2019 12:45,1
1613,10/2/2019 12:45,1
1614,10/2/2019 12:47,1
1615,10/2/2019 12:47,1
1616,10/2/2019 12:48,0
1617,10/2/2019 12:48,0
1618,10/2/2019 12:48,0
1619,10/2/2019 12:48,0
1620,10/2/2019 12:49,0
1621,10/2/2019 12:49,0
1622,10/2/2019 12:49,0
1623,10/2/2019 12:49,0
1624,10/2/2019 12:49,0
1625,10/2/2019 12:49,0
1626,10/2/2019 12:50,0
1627,10/2/2019 12:50,0
1628,10/2/2019 12:50,0
1629,10/2/2019 12:51,0
1630,10/2/2019 12:51,0
1631,10/2/2019 12:53,0
1632,10/2/2019 12:53,0
1633,10/2/2019 12:53,0
1634,10/2/2019 12:53,0
1635,10/2/2019 12:54,1
1636,10/2/2019 12:55,0
1637,10/2/2019 12:55,0
1638,10/2/2019 12:55,0
1639,10/2/2019 12:55,1
1640,10/2/2019 12:55,0
1641,10/2/2019 13:02,0
1642,10/2/2019 13:11,1
1643,10/2/2019 13:11,0
1644,10/2/2019 13:25,0
1645,10/2/2019 13:25,1
1646,10/2/2019 13:26,1
1647,10/2/2019 13:27,0
1648,10/2/2019 13:27,0
1649,10/2/2019 13:27,0
1650,10/2/2019 13:27,0
1651,10/2/2019 13:27,0
1652,10/2/2019 13:27,0
1653,10/2/2019 13:27,0
1654,10/2/2019 13:27,1
1655,10/2/2019 13:27,1
1656,10/2/2019 13:28,0
1657,10/2/2019 13:28,0
1658,10/2/2019 13:28,0
1659,10/2/2019 13:28,0
1660,10/2/2019 13:33,0
1661,10/2/2019 13:33,0
1662,10/2/2019 13:33,0
1663,10/2/2019 13:33,0
1664,10/2/2019 13:33,0
1665,10/2/2019 13:35,0
1666,10/2/2019 13:35,0
1667,10/2/2019 13:38,0
1668,10/2/2019 13:46,1
1669,10/2/2019 14:14,0
1670,10/2/2019 14:19,0
1671,10/2/2019 14:19,0
1672,10/2/2019 14:20,0
1673,10/2/2019 14:21,0
1674,10/2/2019 14:21,0
1675,10/2/2019 14:22,1
1676,10/2/2019 14:22,0
1677,10/2/2019 14:22,0
1678,10/2/2019 14:22,0
1679,10/2/2019 14:22,0
1680,10/2/2019 14:22,0
1681,10/2/2019 14:22,1
1682,10/2/2019 14:22,0
1683,10/2/2019 14:23,0
1684,10/2/2019 14:23,1
1685,10/2/2019 14:23,0
1686,10/2/2019 14:29,0
1687,10/2/2019 14:30,0
1688,10/2/2019 14:30,0
1689,10/2/2019 14:31,0
1690,10/2/2019 14:31,0
1691,10/2/2019 14:31,0
1692,10/2/2019 14:31,0
1693,10/2/2019 14:31,0
1694,10/2/2019 14:33,0
1695,10/2/2019 14:40,1
1696,10/2/2019 14:41,0
1697,10/2/2019 14:41,0
1698,10/2/2019 14:41,0
1699,10/2/2019 14:41,0
1700,10/2/2019 14:41,0
1701,10/2/2019 14:41,0
1702,10/2/2019 14:42,0
1703,10/2/2019 14:43,0
1704,10/2/2019 14:46,0
1705,10/2/2019 14:52,1
1706,10/2/2019 14:53,0
1707,10/2/2019 14:53,1
1708,10/2/2019 14:53,1
1709,10/2/2019 14:53,0
1710,10/2/2019 14:53,1
1711,10/2/2019 14:53,0
1712,10/2/2019 14:57,0
1713,10/2/2019 14:57,0
1714,10/2/2019 14:57,0
1715,10/2/2019 15:00,1
1716,10/2/2019 15:16,1
1717,10/2/2019 15:16,1
1718,10/2/2019 15:21,0
1719,10/2/2019 15:41,1
1720,10/2/2019 15:41,0
1721,10/2/2019 15:41,0
1722,10/2/2019 15:47,0
1723,10/2/2019 15:48,1
1724,10/2/2019 15:49,1
1725,10/2/2019 15:49,1
1726,10/2/2019 15:49,1
1727,10/2/2019 15:49,1
1728,10/2/2019 16:14,1
1729,10/2/2019 16:38,0
1730,10/2/2019 16:38,0
1731,10/2/2019 16:38,0
1732,10/2/2019 16:38,0
1733,10/2/2019 16:38,0
1734,10/2/2019 16:38,0
1735,10/2/2019 16:38,0
1736,10/2/2019 16:38,0
1737,10/2/2019 16:38,0
1738,10/2/2019 16:38,0
1739,10/2/2019 16:38,0
1740,10/2/2019 16:38,0
1741,10/2/2019 16:38,0
1742,10/2/2019 16:38,0
1743,10/2/2019 16:38,0
1744,10/2/2019 16:38,0
1745,10/2/2019 16:38,0
1746,10/2/2019 16:38,0
1747,10/2/2019 16:38,0
1748,10/2/2019 16:38,0
1749,10/2/2019 16:38,0
1750,10/2/2019 16:38,0
1751,10/2/2019 16:38,1
1752,10/2/2019 16:38,1
1753,10/2/2019 16:38,1
1754,10/2/2019 16:38,1
1755,10/2/2019 16:39,1
1756,10/2/2019 16:39,1
1757,10/2/2019 16:39,1
1758,10/2/2019 16:39,0
1759,10/2/2019 16:39,1
1760,10/2/2019 16:39,0
1761,10/2/2019 16:39,1
1762,10/2/2019 16:39,0
1763,10/2/2019 16:39,1
1764,10/2/2019 16:39,1
1765,10/2/2019 16:39,1
1766,10/2/2019 16:39,0
1767,10/2/2019 16:39,1
1768,10/2/2019 16:39,0
1769,10/2/2019 16:39,1
1770,10/2/2019 16:39,1
1771,10/2/2019 16:39,0
1772,10/2/2019 16:39,1
1773,10/2/2019 16:39,0
1774,10/2/2019 16:39,1
1775,10/2/2019 16:39,1
1776,10/2/2019 16:39,0
1777,10/2/2019 16:39,1
1778,10/2/2019 16:40,1
1779,10/2/2019 16:40,0
1780,10/2/2019 16:40,1
1781,10/2/2019 16:40,1
1782,10/2/2019 16:40,0
1783,10/2/2019 16:40,1
1784,10/2/2019 16:43,1
1785,10/2/2019 16:44,1
1786,10/2/2019 16:44,0
1787,10/2/2019 16:44,0
1788,10/2/2019 16:44,1
1789,10/2/2019 16:44,0
1790,10/2/2019 16:44,0
1791,10/2/2019 16:44,0
1792,10/2/2019 16:44,0
1793,10/2/2019 16:44,1
1794,10/2/2019 16:44,0
1795,10/2/2019 16:44,0
1796,10/2/2019 16:44,1
1797,10/2/2019 16:44,1
1798,10/2/2019 16:44,1
1799,10/2/2019 16:44,1
1800,10/2/2019 16:44,1
1801,10/2/2019 16:44,1
1802,10/2/2019 16:44,1
1803,10/2/2019 16:44,0
1804,10/2/2019 16:44,0
1805,10/2/2019 16:46,1
1806,10/2/2019 16:47,0
1807,10/2/2019 16:47,0
1808,10/2/2019 16:47,1
1809,10/2/2019 16:47,0
1810,10/2/2019 16:47,0
1811,10/2/2019 16:55,1
1812,10/2/2019 16:55,0
1813,10/2/2019 16:55,0
1814,10/2/2019 16:55,0
1815,10/2/2019 16:55,0
1816,10/2/2019 16:55,0
1817,10/2/2019 16:55,0
1818,10/2/2019 16:55,0
1819,10/2/2019 16:55,0
1820,10/2/2019 17:02,1
1821,10/2/2019 17:02,1
1822,10/2/2019 17:02,1
1823,10/2/2019 17:15,0
1824,10/2/2019 17:15,0
1825,10/2/2019 17:15,1
1826,10/2/2019 18:19,0
1827,10/2/2019 18:20,1
1828,10/2/2019 18:20,0
1829,10/2/2019 18:20,1
1830,10/2/2019 18:20,0
1831,10/2/2019 18:20,1
1832,10/2/2019 18:20,0
1833,10/2/2019 18:20,0
1834,10/2/2019 18:20,0
1835,10/2/2019 18:20,0
1836,10/2/2019 18:20,0
1837,10/2/2019 18:20,0
1838,10/2/2019 18:20,0
1839,10/2/2019 18:20,0
1840,10/2/2019 18:20,1
1841,10/2/2019 18:20,1
1842,10/2/2019 18:20,0
1843,10/2/2019 18:20,1
1844,10/2/2019 18:20,1
1845,10/2/2019 18:20,0
1846,10/2/2019 18:20,1
1847,10/2/2019 18:21,1
1848,10/2/2019 18:21,1
1849,10/2/2019 18:21,1
1850,10/2/2019 18:21,1
1851,10/2/2019 18:21,1
1852,10/2/2019 18:21,1
1853,10/2/2019 18:21,1
1854,10/2/2019 18:21,1
1855,10/2/2019 18:21,1
1856,10/2/2019 18:21,1
1857,10/2/2019 18:21,1
1858,10/2/2019 18:21,1
1859,10/2/2019 18:21,0
1860,10/2/2019 18:21,0
1861,10/2/2019 18:21,0
1862,10/2/2019 18:21,1
1863,10/2/2019 18:21,0
1864,10/2/2019 18:21,1
1865,10/2/2019 18:21,0
1866,10/2/2019 18:21,1
1867,10/2/2019 18:21,1
1868,10/2/2019 18:21,0
1869,10/2/2019 18:21,0
1870,10/2/2019 18:21,0
1871,10/2/2019 18:21,0
1872,10/2/2019 18:21,0
1873,10/2/2019 18:21,0
1874,10/2/2019 18:21,0
1875,10/2/2019 18:21,0
1876,10/2/2019 18:21,0
1877,10/2/2019 18:21,0
1878,10/2/2019 18:21,0
1879,10/2/2019 18:21,0
1880,10/2/2019 18:21,0
1881,10/2/2019 18:22,0
1882,10/2/2019 18:22,1
1883,10/2/2019 18:22,0
1884,10/2/2019 18:22,1
1885,10/2/2019 18:22,1
1886,10/2/2019 18:22,0
1887,10/2/2019 18:22,1
1888,10/2/2019 18:22,1
1889,10/2/2019 18:22,0
1890,10/2/2019 18:22,0
1891,10/2/2019 18:22,0
1892,10/2/2019 18:22,0
1893,10/2/2019 18:22,0
1894,10/2/2019 18:22,0
1895,10/2/2019 18:22,0
1896,10/2/2019 18:22,0
1897,10/2/2019 18:22,0
1898,10/2/2019 18:22,0
1899,10/2/2019 18:22,0
1900,10/2/2019 18:22,0
1901,10/2/2019 18:23,0
1902,10/2/2019 18:23,0
1903,10/2/2019 18:32,0
1904,10/2/2019 18:32,1
1905,10/2/2019 18:32,1
1906,10/2/2019 18:32,1
1907,10/2/2019 18:32,1
1908,10/2/2019 18:49,0
1909,10/2/2019 18:51,0
1910,10/2/2019 19:01,1
1911,10/2/2019 19:05,1
1912,10/2/2019 19:05,1
1913,10/2/2019 19:05,1
1914,10/2/2019 19:05,1
1915,10/2/2019 19:05,1
1916,10/2/2019 19:05,1
1917,10/2/2019 19:05,1
1918,10/2/2019 19:05,1
1919,10/2/2019 19:05,1
1920,10/2/2019 19:05,1
1921,10/2/2019 19:05,1
1922,10/2/2019 19:05,1
1923,10/2/2019 19:05,1
1924,10/2/2019 19:05,1
1925,10/2/2019 19:05,1
1926,10/2/2019 19:05,1
1927,10/2/2019 19:05,1
1928,10/2/2019 19:05,1
1929,10/2/2019 19:05,1
1930,10/2/2019 19:05,1
1931,10/2/2019 19:05,1
1932,10/2/2019 19:05,1
1933,10/2/2019 19:05,1
1934,10/2/2019 19:40,1
1935,10/4/2019 10:01,1
1936,10/4/2019 10:01,0
1937,10/4/2019 10:02,1
1938,10/4/2019 10:02,0
1939,10/4/2019 10:02,0
1940,10/4/2019 10:02,1
1941,10/4/2019 10:02,1
1942,10/4/2019 10:02,1
1943,10/4/2019 10:12,1
1944,10/4/2019 10:12,0
1945,10/4/2019 10:12,0
1946,10/4/2019 10:12,1
1947,10/4/2019 10:21,1
1948,10/4/2019 10:22,1
1949,10/4/2019 11:07,1
1950,10/4/2019 11:07,1
1951,10/4/2019 11:10,0
1952,10/4/2019 11:10,0
1953,10/4/2019 11:11,0
1954,10/4/2019 11:11,0
1955,10/4/2019 11:11,0
1956,10/4/2019 11:20,0
1957,10/4/2019 11:20,1
1958,10/4/2019 11:26,1
1959,10/4/2019 11:26,0
1960,10/4/2019 11:26,1
1961,10/4/2019 11:27,0
1962,10/4/2019 11:31,1
1963,10/4/2019 11:31,1
1964,10/4/2019 11:31,0
1965,10/4/2019 11:31,1
1966,10/4/2019 11:31,1
1967,10/4/2019 11:31,1
1968,10/4/2019 11:35,0
1969,10/4/2019 11:39,0
1970,10/4/2019 11:39,0
1971,10/4/2019 11:39,1
1972,10/4/2019 11:39,0
1973,10/4/2019 11:39,0
1974,10/4/2019 11:39,0
1975,10/4/2019 11:39,1
1976,10/4/2019 11:39,1
1977,10/4/2019 11:39,1
1978,10/4/2019 11:39,1
1979,10/4/2019 11:39,1
1980,10/4/2019 11:39,1
1981,10/4/2019 11:39,1
1982,10/4/2019 11:39,1
1983,10/4/2019 11:39,1
1984,10/4/2019 11:39,1
1985,10/4/2019 11:39,1
1986,10/4/2019 11:39,1
1987,10/4/2019 11:39,1
1988,10/4/2019 11:39,1
1989,10/4/2019 11:40,1
1990,10/4/2019 11:40,1
1991,10/4/2019 11:41,0
1992,10/4/2019 11:41,0
1993,10/4/2019 11:41,0
1994,10/4/2019 11:41,0
1995,10/4/2019 11:41,0
1996,10/4/2019 11:41,0
1997,10/4/2019 11:41,0
1998,10/4/2019 11:42,1
1999,10/4/2019 11:42,0
2000,10/4/2019 11:42,0
2001,10/4/2019 11:42,0
2002,10/4/2019 11:42,0
2003,10/4/2019 11:42,0
2004,10/4/2019 11:42,0
2005,10/4/2019 11:42,1
2006,10/4/2019 11:42,1
2007,10/4/2019 11:42,0
2008,10/4/2019 11:42,0
2009,10/4/2019 11:42,0
2010,10/4/2019 11:42,0
2011,10/4/2019 11:42,0
2012,10/4/2019 11:42,1
2013,10/4/2019 11:42,0
2014,10/4/2019 11:42,1
2015,10/4/2019 11:42,0
2016,10/4/2019 11:42,0
2017,10/4/2019 11:42,1
2018,10/4/2019 11:42,0
2019,10/4/2019 11:42,0
2020,10/4/2019 11:42,0
2021,10/4/2019 11:42,1
2022,10/4/2019 11:42,1
2023,10/4/2019 11:42,0
2024,10/4/2019 11:42,0
2025,10/4/2019 11:42,1
2026,10/4/2019 11:42,1
2027,10/4/2019 11:42,0
2028,10/4/2019 11:42,0
2029,10/4/2019 11:42,0
2030,10/4/2019 11:42,1
2031,10/4/2019 11:42,1
2032,10/4/2019 11:42,0
2033,10/4/2019 11:42,0
2034,10/4/2019 11:42,1
2035,10/4/2019 11:42,0
2036,10/4/2019 11:43,1
2037,10/4/2019 11:43,1
2038,10/4/2019 11:43,1
2039,10/4/2019 11:43,0
2040,10/4/2019 11:43,0
2041,10/4/2019 11:43,0
2042,10/4/2019 11:43,1
2043,10/4/2019 11:43,0
2044,10/4/2019 11:43,1
2045,10/4/2019 11:43,0
2046,10/4/2019 11:43,1
2047,10/4/2019 11:43,1
2048,10/4/2019 11:43,0
2049,10/4/2019 11:43,0
2050,10/4/2019 11:43,1
2051,10/4/2019 11:43,0
2052,10/4/2019 11:43,1
2053,10/4/2019 11:43,1
2054,10/4/2019 11:43,1
2055,10/4/2019 11:43,0
2056,10/4/2019 11:43,1
2057,10/4/2019 11:43,0
2058,10/4/2019 11:43,0
2059,10/4/2019 11:43,1
2060,10/4/2019 11:43,0
2061,10/4/2019 11:43,1
2062,10/4/2019 11:43,0
2063,10/4/2019 11:44,1
2064,10/4/2019 11:44,0
2065,10/4/2019 11:44,0
2066,10/4/2019 11:44,1
2067,10/4/2019 11:44,1
2068,10/4/2019 11:44,1
2069,10/4/2019 11:44,1
2070,10/4/2019 11:44,1
2071,10/4/2019 11:44,0
2072,10/4/2019 11:45,0
2073,10/4/2019 11:45,0
2074,10/4/2019 11:45,0
2075,10/4/2019 12:04,0
2076,10/4/2019 12:04,1
2077,10/4/2019 12:07,1
2078,10/4/2019 12:09,1
2079,10/4/2019 12:10,0
2080,10/4/2019 12:10,0
2081,10/4/2019 12:10,0
2082,10/4/2019 12:10,0
2083,10/4/2019 12:11,1
2084,10/4/2019 12:11,1
2085,10/4/2019 12:11,1
2086,10/4/2019 12:11,1
2087,10/4/2019 12:11,0
2088,10/4/2019 12:11,1
2089,10/4/2019 12:11,0
2090,10/4/2019 12:11,0
2091,10/4/2019 12:11,1
2092,10/4/2019 12:11,1
2093,10/4/2019 12:11,1
2094,10/4/2019 12:11,1
2095,10/4/2019 12:11,1
2096,10/4/2019 12:11,0
2097,10/4/2019 12:11,0
2098,10/4/2019 12:11,0
2099,10/4/2019 12:11,0
2100,10/4/2019 12:11,0
2101,10/4/2019 12:12,0
2102,10/4/2019 12:12,0
2103,10/4/2019 12:12,0
2104,10/4/2019 12:12,0
2105,10/4/2019 12:12,0
2106,10/4/2019 12:12,0
2107,10/4/2019 12:12,1
2108,10/4/2019 12:12,0
2109,10/4/2019 12:12,0
2110,10/4/2019 12:12,0
2111,10/4/2019 12:12,0
2112,10/4/2019 12:12,1
2113,10/4/2019 12:14,0
2114,10/4/2019 12:14,0
2115,10/4/2019 12:14,0
2116,10/4/2019 12:14,0
2117,10/4/2019 12:14,0
2118,10/4/2019 12:14,0
2119,10/4/2019 12:46,0
2120,10/4/2019 12:46,0
2121,10/4/2019 12:47,0
2122,10/4/2019 12:47,0
2123,10/4/2019 12:47,0
2124,10/4/2019 12:47,0
2125,10/4/2019 12:47,1
2126,10/4/2019 12:47,1
2127,10/4/2019 12:48,1
2128,10/4/2019 12:48,1
2129,10/4/2019 12:48,1
2130,10/4/2019 12:52,0
2131,10/4/2019 12:52,0
2132,10/4/2019 13:19,1
2133,10/4/2019 13:57,0
2134,10/4/2019 13:57,0
2135,10/4/2019 13:57,0
2136,10/4/2019 13:57,0
2137,10/4/2019 13:57,1
2138,10/4/2019 13:57,0
2139,10/4/2019 13:57,1
2140,10/4/2019 13:57,1
2141,10/4/2019 13:57,0
2142,10/4/2019 13:57,1
2143,10/4/2019 13:57,1
2144,10/4/2019 13:57,0
2145,10/4/2019 13:57,0
2146,10/4/2019 13:58,0
2147,10/4/2019 13:58,1
2148,10/4/2019 13:58,0
2149,10/4/2019 13:58,1
2150,10/4/2019 13:58,0
2151,10/4/2019 13:58,0
2152,10/4/2019 13:58,0
2153,10/4/2019 14:28,0
2154,10/4/2019 14:59,0
2155,10/4/2019 14:59,0
2156,10/4/2019 14:59,0
2157,10/4/2019 14:59,0
2158,10/4/2019 14:59,0
2159,10/4/2019 14:59,0
2160,10/4/2019 14:59,0
2161,10/4/2019 14:59,0
2162,10/4/2019 14:59,0
2163,10/4/2019 14:59,0
2164,10/4/2019 14:59,0
2165,10/4/2019 14:59,0
2166,10/4/2019 14:59,0
2167,10/4/2019 14:59,0
2168,10/4/2019 14:59,0
2169,10/4/2019 14:59,0
2170,10/4/2019 15:00,0
2171,10/4/2019 15:00,0
2172,10/4/2019 15:00,0
2173,10/4/2019 15:00,0
2174,10/4/2019 15:24,1
2175,10/4/2019 15:24,1
2176,10/4/2019 15:24,1
2177,10/4/2019 15:25,1
2178,10/4/2019 15:25,1
2179,10/4/2019 15:25,1
2180,10/4/2019 15:25,1
2181,10/4/2019 15:25,1
2182,10/4/2019 15:25,1
2183,10/4/2019 15:25,0
2184,10/4/2019 15:25,0
2185,10/4/2019 15:25,1
2186,10/4/2019 15:25,0
2187,10/4/2019 15:25,1
2188,10/4/2019 15:25,0
2189,10/4/2019 15:29,0
2190,10/4/2019 15:37,0
2191,10/4/2019 15:37,1
2192,10/7/2019 9:27,1
2193,10/7/2019 9:27,1
2194,10/7/2019 9:27,1
2195,10/7/2019 9:28,1
2196,10/7/2019 9:28,1
2197,10/7/2019 9:28,0
2198,10/7/2019 9:28,1
2199,10/7/2019 9:37,0
2200,10/7/2019 9:44,1
2201,10/7/2019 9:44,1
2202,10/7/2019 9:53,1
2203,10/7/2019 9:54,1
2204,10/7/2019 9:57,0
2205,10/7/2019 10:01,1
2206,10/7/2019 10:17,1
2207,10/7/2019 10:17,0
2208,10/7/2019 10:17,0
2209,10/7/2019 10:17,1
2210,10/7/2019 10:17,1
2211,10/7/2019 10:17,1
2212,10/7/2019 10:17,1
2213,10/7/2019 10:17,1
2214,10/7/2019 10:17,1
2215,10/7/2019 10:28,1
2216,10/7/2019 11:02,1
2217,10/7/2019 11:02,1
2218,10/7/2019 11:07,1
2219,10/7/2019 11:07,1
2220,10/7/2019 11:08,1
2221,10/7/2019 11:14,1
2222,10/7/2019 11:17,1
2223,10/7/2019 11:20,1
2224,10/7/2019 11:28,0
2225,10/7/2019 11:34,1
2226,10/7/2019 12:02,1
2227,10/7/2019 12:02,1
2228,10/7/2019 12:08,1
2229,10/7/2019 12:08,1
2230,10/7/2019 12:12,1
2231,10/7/2019 12:16,1
2232,10/7/2019 12:16,0
2233,10/7/2019 12:16,1
2234,10/7/2019 12:16,0
2235,10/7/2019 12:16,0
2236,10/7/2019 12:16,0
2237,10/7/2019 12:16,1
2238,10/7/2019 12:16,0
2239,10/7/2019 12:16,1
2240,10/7/2019 12:16,1
2241,10/7/2019 12:32,1
2242,10/7/2019 12:40,1
2243,10/7/2019 12:41,0
2244,10/7/2019 12:44,1
2245,10/7/2019 12:45,0
2246,10/7/2019 12:45,0
2247,10/7/2019 12:45,1
2248,10/7/2019 12:45,0
2249,10/7/2019 13:10,1
2250,10/7/2019 14:36,0
2251,10/7/2019 14:57,0
2252,10/7/2019 14:57,1
2253,10/7/2019 14:57,1
2254,10/7/2019 14:58,1
2255,10/7/2019 15:12,1
2256,10/7/2019 15:14,1
2257,10/7/2019 15:15,0
2258,10/7/2019 15:16,0
2259,10/7/2019 15:36,0
2260,10/7/2019 16:14,0
2261,10/7/2019 16:25,0
2262,10/7/2019 16:25,0
2263,10/7/2019 16:25,0
2264,10/7/2019 16:27,1
2265,10/7/2019 16:27,1
2266,10/7/2019 16:27,1
2267,10/7/2019 16:42,1
2268,10/7/2019 18:15,1
2269,10/7/2019 18:33,1
2270,10/7/2019 18:33,1
2271,10/7/2019 18:46,1
2272,10/9/2019 10:36,1
2273,10/9/2019 10:36,0
2274,10/9/2019 10:37,1
2275,10/9/2019 10:37,0
2276,10/9/2019 10:38,1
2277,10/9/2019 10:41,0
2278,10/9/2019 10:41,1
2279,10/9/2019 10:41,1
2280,10/9/2019 10:41,0
2281,10/9/2019 10:41,1
2282,10/9/2019 10:41,0
2283,10/9/2019 10:41,0
2284,10/9/2019 10:41,1
2285,10/9/2019 10:41,1
2286,10/9/2019 10:41,0
2287,10/9/2019 10:41,1
2288,10/9/2019 10:41,1
2289,10/9/2019 10:41,1
2290,10/9/2019 10:41,0
2291,10/9/2019 10:41,1
2292,10/9/2019 10:41,0
2293,10/9/2019 10:41,1
2294,10/9/2019 10:41,1
2295,10/9/2019 10:42,0
2296,10/9/2019 10:42,0
2297,10/9/2019 10:43,1
2298,10/9/2019 10:44,1
2299,10/9/2019 10:48,0
2300,10/9/2019 11:08,1
2301,10/9/2019 11:19,0
2302,10/9/2019 11:31,0
2303,10/9/2019 11:32,1
2304,10/9/2019 11:32,1
2305,10/9/2019 11:32,0
2306,10/9/2019 11:32,0
2307,10/9/2019 11:32,1
2308,10/9/2019 11:32,0
2309,10/9/2019 11:47,0
2310,10/9/2019 11:47,0
2311,10/9/2019 11:49,0
2312,10/9/2019 11:50,0
2313,10/9/2019 11:53,0
2314,10/9/2019 11:53,0
2315,10/9/2019 11:53,1
2316,10/9/2019 11:53,1
2317,10/9/2019 11:53,0
2318,10/9/2019 11:53,0
2319,10/9/2019 11:53,1
2320,10/9/2019 12:19,0
2321,10/9/2019 12:24,0
2322,10/9/2019 12:25,0
2323,10/9/2019 12:26,0
2324,10/9/2019 12:35,1
2325,10/9/2019 12:35,1
2326,10/9/2019 12:40,1
2327,10/9/2019 12:43,0
2328,10/9/2019 12:43,0
2329,10/9/2019 12:58,1
2330,10/9/2019 13:04,1
2331,10/9/2019 13:08,0
2332,10/9/2019 13:13,1
2333,10/9/2019 13:15,1
2334,10/9/2019 13:15,1
2335,10/9/2019 13:17,0
2336,10/9/2019 13:18,1
2337,10/9/2019 13:56,1
2338,10/9/2019 13:56,1
2339,10/9/2019 13:56,0
2340,10/9/2019 14:27,1
2341,10/9/2019 14:27,0
2342,10/9/2019 14:39,1
2343,10/9/2019 14:42,0
2344,10/9/2019 14:45,1
2345,10/9/2019 14:46,1
2346,10/9/2019 14:46,1
2347,10/9/2019 14:46,0
2348,10/9/2019 14:59,1
2349,10/9/2019 14:59,0
2350,10/9/2019 15:04,0
2351,10/9/2019 15:04,0
2352,10/9/2019 15:04,1
2353,10/9/2019 15:19,0
2354,10/9/2019 15:20,0
2355,10/9/2019 15:21,1
2356,10/9/2019 15:21,1
2357,10/9/2019 15:28,1
2358,10/9/2019 15:28,1
2359,10/9/2019 15:30,1
2360,10/9/2019 15:58,0
2361,10/9/2019 15:58,0
2362,10/9/2019 16:00,0
2363,10/9/2019 16:01,1
2364,10/9/2019 16:34,1
2365,10/9/2019 16:34,1
2366,10/9/2019 16:35,1
2367,10/9/2019 16:35,0
2368,10/9/2019 16:35,0
2369,10/9/2019 16:35,1
2370,10/9/2019 16:35,0
2371,10/9/2019 16:35,0
2372,10/9/2019 16:35,0
2373,10/9/2019 16:35,0
2374,10/9/2019 16:43,1
2375,10/9/2019 16:48,0
2376,10/9/2019 16:49,1
2377,10/9/2019 17:01,1
2378,10/9/2019 17:14,1
2379,10/9/2019 17:14,1
2380,10/9/2019 17:14,1
2381,10/9/2019 17:14,1
2382,10/9/2019 17:25,1
2383,10/9/2019 17:25,1
2384,10/9/2019 17:25,1
2385,10/9/2019 17:25,1
2386,10/9/2019 17:25,1
2387,10/9/2019 17:25,1
2388,10/9/2019 17:33,0
2389,10/9/2019 17:55,0
2390,10/9/2019 18:46,1
2391,10/9/2019 18:46,1
2392,10/9/2019 18:48,0
2393,10/9/2019 18:48,0
2394,10/9/2019 18:51,0
2395,10/9/2019 18:51,0
2396,10/9/2019 18:51,0
2397,10/9/2019 18:51,0
2398,10/9/2019 18:52,0
2399,10/9/2019 18:52,0
2400,10/9/2019 18:53,1
2401,10/9/2019 18:53,1
2402,10/9/2019 18:53,0
2403,10/9/2019 18:53,0
2404,10/9/2019 18:53,1
2405,10/9/2019 18:57,1
2406,10/9/2019 18:57,1
2407,10/9/2019 18:57,1
2408,10/9/2019 18:57,1
2409,10/9/2019 18:57,1
2410,10/9/2019 18:57,1
2411,10/9/2019 18:57,1
2412,10/9/2019 18:57,1
2413,10/9/2019 18:57,1
2414,10/9/2019 18:57,1
2415,10/9/2019 18:57,1
2416,10/9/2019 18:57,1
2417,10/9/2019 18:57,1
2418,10/9/2019 18:57,1
2419,10/9/2019 18:57,1
2420,10/9/2019 18:57,1
2421,10/9/2019 18:57,1
2422,10/9/2019 18:57,1
2423,10/9/2019 18:57,1
2424,10/9/2019 18:58,1
2425,10/9/2019 18:58,1
2426,10/9/2019 18:58,1
2427,10/9/2019 18:58,1
2428,10/9/2019 18:58,1
2429,10/9/2019 18:58,1
2430,10/9/2019 18:58,1
2431,10/9/2019 18:58,1
2432,10/9/2019 18:58,1
2433,10/9/2019 18:58,1
2434,10/9/2019 18:58,1
2435,10/9/2019 18:58,1
2436,10/9/2019 18:58,1
2437,10/9/2019 18:58,1
2438,10/9/2019 18:58,1
2439,10/9/2019 18:58,1
2440,10/9/2019 18:58,1
2441,10/9/2019 18:58,1
2442,10/9/2019 19:10,0
2443,10/9/2019 19:24,1
2444,10/9/2019 19:42,0
2445,10/9/2019 19:43,0
2446,10/11/2019 12:58,0
2447,10/11/2019 12:59,0
2448,10/11/2019 12:59,0
2449,10/11/2019 12:59,0
2450,10/11/2019 12:59,0
2451,10/11/2019 12:59,0
2452,10/11/2019 13:04,1
2453,10/11/2019 13:09,1
2454,10/11/2019 13:09,1
2455,10/11/2019 13:09,1
2456,10/11/2019 13:10,0
2457,10/11/2019 13:10,0
2458,10/11/2019 13:10,1
2459,10/11/2019 13:27,1
2460,10/11/2019 13:31,1
2461,10/11/2019 13:49,0
2462,10/11/2019 14:04,1
2463,10/11/2019 14:09,1
2464,10/11/2019 14:12,0
2465,10/11/2019 14:12,1
2466,10/11/2019 14:12,1
2467,10/11/2019 14:12,0
2468,10/11/2019 14:18,1
2469,10/11/2019 14:49,1
2470,10/11/2019 15:11,1
2471,10/11/2019 15:43,0
2472,10/11/2019 15:47,1
2473,10/11/2019 16:25,1
2474,10/11/2019 16:25,1
2475,10/11/2019 16:59,1
2476,10/11/2019 17:05,1
2477,10/11/2019 17:05,1
2478,10/11/2019 18:10,1
2479,10/11/2019 18:14,0
2480,10/11/2019 18:14,0
2481,10/11/2019 18:18,1
2482,10/11/2019 18:18,0
2483,10/11/2019 18:18,0
2484,10/11/2019 18:18,0
2485,10/11/2019 18:18,0
2486,10/11/2019 18:19,1
2487,10/11/2019 18:19,1
2488,10/11/2019 18:19,1
2489,10/11/2019 18:29,1
2490,10/11/2019 18:36,1
2491,10/11/2019 18:40,0
2492,10/11/2019 18:40,0
2493,10/11/2019 18:44,1
2494,10/11/2019 18:45,1
2495,10/11/2019 18:47,0
2496,10/11/2019 18:54,0
2497,10/11/2019 18:55,1
2498,10/11/2019 18:55,1
2499,10/11/2019 18:55,1
2500,10/11/2019 18:56,1
2501,10/11/2019 19:19,0
2502,10/11/2019 19:19,0
2503,10/11/2019 19:19,1
2504,10/11/2019 19:19,0
2505,10/11/2019 19:19,0
2506,10/11/2019 19:19,0
2507,10/11/2019 19:19,1
2508,10/11/2019 20:14,1
2509,10/11/2019 20:24,1
2510,10/11/2019 20:25,0
2511,10/11/2019 20:25,0
2512,10/11/2019 20:25,1
2513,10/11/2019 20:25,0
2514,10/11/2019 20:33,1
2515,10/11/2019 20:37,0
2516,10/11/2019 20:46,1
2517,10/11/2019 20:46,1
2518,10/11/2019 20:46,1
2519,10/11/2019 20:46,1
2520,10/11/2019 20:46,1
2521,10/11/2019 20:46,1
2522,10/11/2019 20:46,1
2523,10/11/2019 20:46,1
2524,10/11/2019 20:46,1
2525,10/11/2019 20:46,1
2526,10/11/2019 20:46,1
2527,10/11/2019 20:46,1
2528,10/11/2019 20:46,1
2529,10/11/2019 20:46,1
2530,10/11/2019 20:46,1
2531,10/11/2019 20:46,1
2532,10/11/2019 20:46,1
2533,10/11/2019 20:47,1
2534,10/11/2019 20:47,1
2535,10/11/2019 20:47,1
2536,10/11/2019 20:47,1
2537,10/11/2019 20:47,1
2538,10/11/2019 20:47,1
2539,10/11/2019 20:47,1
2540,10/11/2019 20:47,1
2541,10/11/2019 20:47,1
2542,10/11/2019 20:48,1
2543,10/11/2019 20:48,1
2544,10/11/2019 20:48,1
2545,10/11/2019 20:49,0
2546,10/11/2019 20:49,1
2547,10/11/2019 20:50,1
2548,10/11/2019 20:50,1
2549,10/11/2019 20:51,1
2550,10/11/2019 20:54,1
2551,10/11/2019 20:56,0
2552,10/11/2019 20:56,0
2553,10/11/2019 20:56,1
2554,10/11/2019 20:56,1
2555,10/11/2019 20:59,1
2556,10/11/2019 20:59,1
2557,10/11/2019 20:59,1
2558,10/14/2019 9:32,0
2559,10/14/2019 9:32,1
2560,10/14/2019 9:32,1
2561,10/14/2019 9:32,1
2562,10/14/2019 9:42,1
2563,10/14/2019 9:42,1
2564,10/14/2019 9:45,0
2565,10/14/2019 9:57,0
2566,10/14/2019 9:57,1
2567,10/14/2019 10:03,1
2568,10/14/2019 10:03,1
2569,10/14/2019 10:03,0
2570,10/14/2019 10:03,1
2571,10/14/2019 10:12,0
2572,10/14/2019 10:37,0
2573,10/14/2019 10:37,0
2574,10/14/2019 10:37,1
2575,10/14/2019 10:37,0
2576,10/14/2019 10:37,1
2577,10/14/2019 10:37,1
2578,10/14/2019 10:37,0
2579,10/14/2019 10:37,0
2580,10/14/2019 10:37,0
2581,10/14/2019 10:37,0
2582,10/14/2019 10:37,0
2583,10/14/2019 10:37,0
2584,10/14/2019 10:37,0
2585,10/14/2019 10:38,0
2586,10/14/2019 10:38,0
2587,10/14/2019 10:38,1
2588,10/14/2019 10:38,1
2589,10/14/2019 10:38,1
2590,10/14/2019 10:38,1
2591,10/14/2019 10:38,1
2592,10/14/2019 10:38,1
2593,10/14/2019 10:38,1
2594,10/14/2019 10:38,1
2595,10/14/2019 10:38,0
2596,10/14/2019 10:38,0
2597,10/14/2019 10:49,0
2598,10/14/2019 10:51,1
2599,10/14/2019 10:55,1
2600,10/14/2019 11:11,1
2601,10/14/2019 11:11,0
2602,10/14/2019 11:18,0
2603,10/14/2019 11:18,1
2604,10/14/2019 11:18,0
2605,10/14/2019 11:18,0
2606,10/14/2019 11:18,0
2607,10/14/2019 11:24,1
2608,10/14/2019 11:30,1
2609,10/14/2019 11:30,1
2610,10/14/2019 11:44,0
2611,10/14/2019 11:44,0
2612,10/14/2019 11:44,0
2613,10/14/2019 11:44,0
2614,10/14/2019 11:44,0
2615,10/14/2019 11:44,1
2616,10/14/2019 11:45,0
2617,10/14/2019 11:45,0
2618,10/14/2019 11:45,1
2619,10/14/2019 11:45,1
2620,10/14/2019 11:45,1
2621,10/14/2019 11:45,1
2622,10/14/2019 11:45,1
2623,10/14/2019 11:45,1
2624,10/14/2019 11:45,1
2625,10/14/2019 12:25,0
2626,10/14/2019 12:25,0
2627,10/14/2019 13:29,0
2628,10/14/2019 14:54,1
2629,10/14/2019 14:58,1
2630,10/14/2019 15:29,1
2631,10/15/2019 12:17,1
2632,10/15/2019 12:33,0
2633,10/15/2019 12:33,1
2634,10/15/2019 12:33,0
2635,10/15/2019 12:33,1
2636,10/15/2019 12:42,0
2637,10/15/2019 12:42,1
2638,10/15/2019 12:45,0
2639,10/15/2019 12:52,0
2640,10/15/2019 12:52,1
2641,10/15/2019 13:10,1
2642,10/15/2019 13:10,0
2643,10/15/2019 13:10,0
2644,10/15/2019 13:10,0
2645,10/15/2019 13:10,0
2646,10/15/2019 13:10,0
2647,10/15/2019 13:10,0
2648,10/15/2019 13:10,0
2649,10/15/2019 13:10,0
2650,10/15/2019 13:10,0
2651,10/15/2019 13:10,0
2652,10/15/2019 13:11,0
2653,10/15/2019 13:21,0
2654,10/15/2019 13:23,0
2655,10/15/2019 13:26,0
2656,10/15/2019 13:26,1
2657,10/15/2019 13:26,1
2658,10/15/2019 13:30,1
2659,10/15/2019 13:30,0
2660,10/15/2019 13:30,1
2661,10/15/2019 13:30,1
2662,10/15/2019 13:30,1
2663,10/15/2019 13:30,1
2664,10/15/2019 13:30,1
2665,10/15/2019 13:31,0
2666,10/15/2019 13:31,0
2667,10/15/2019 13:31,1
2668,10/15/2019 13:31,0
2669,10/15/2019 13:31,0
2670,10/15/2019 13:31,1
2671,10/15/2019 13:31,1
2672,10/15/2019 13:31,1
2673,10/15/2019 13:31,1
2674,10/15/2019 13:31,0
2675,10/15/2019 13:31,0
2676,10/15/2019 13:31,0
2677,10/15/2019 13:31,0
2678,10/15/2019 13:31,0
2679,10/15/2019 13:31,1
2680,10/15/2019 13:31,0
2681,10/15/2019 13:31,0
2682,10/15/2019 13:31,0
2683,10/15/2019 13:31,0
2684,10/15/2019 13:31,0
2685,10/15/2019 13:31,0
2686,10/15/2019 13:32,0
2687,10/15/2019 13:32,1
2688,10/15/2019 13:32,0
2689,10/15/2019 13:33,0
2690,10/15/2019 13:33,0
2691,10/15/2019 13:33,0
2692,10/15/2019 13:35,1
2693,10/15/2019 13:35,0
2694,10/15/2019 13:36,0
2695,10/15/2019 13:36,0
2696,10/15/2019 13:36,0
2697,10/15/2019 13:36,0
2698,10/15/2019 13:36,0
2699,10/15/2019 13:55,1
2700,10/15/2019 14:15,0
2701,10/15/2019 14:15,1
2702,10/15/2019 14:15,0
2703,10/15/2019 14:34,0
2704,10/15/2019 15:06,0
2705,10/15/2019 15:06,0
2706,10/15/2019 15:06,1
2707,10/15/2019 15:06,1
2708,10/15/2019 15:12,0
2709,10/15/2019 15:13,0
2710,10/15/2019 15:13,0
2711,10/15/2019 15:13,0
2712,10/15/2019 15:16,1
2713,10/15/2019 15:18,1
2714,10/15/2019 15:18,1
2715,10/15/2019 15:18,1
2716,10/15/2019 15:18,1
2717,10/15/2019 15:18,0
2718,10/15/2019 15:18,1
2719,10/15/2019 15:18,1
2720,10/15/2019 15:18,1
2721,10/15/2019 15:19,0
2722,10/15/2019 15:20,1
2723,10/15/2019 15:21,1
2724,10/15/2019 15:21,1
2725,10/15/2019 15:22,0
2726,10/15/2019 15:22,0
2727,10/15/2019 15:22,0
2728,10/15/2019 15:22,0
2729,10/15/2019 15:22,0
2730,10/15/2019 15:22,0
2731,10/15/2019 15:22,0
2732,10/15/2019 15:25,1
2733,10/15/2019 15:26,0
2734,10/15/2019 15:29,0
2735,10/15/2019 15:29,1
2736,10/15/2019 15:30,0
2737,10/15/2019 15:30,0
2738,10/15/2019 15:30,0
2739,10/15/2019 15:30,0
2740,10/15/2019 15:30,0
2741,10/15/2019 15:30,0
2742,10/15/2019 15:30,0
2743,10/15/2019 15:30,1
2744,10/15/2019 15:30,0
2745,10/15/2019 15:31,0
2746,10/15/2019 15:31,0
2747,10/15/2019 15:31,0
2748,10/15/2019 15:31,0
2749,10/15/2019 15:31,0
2750,10/15/2019 15:51,0
2751,10/15/2019 16:47,1
2752,10/15/2019 16:56,1
2753,10/15/2019 16:57,0
2754,10/15/2019 17:14,0
2755,10/15/2019 17:34,0
2756,10/15/2019 17:35,0
2757,10/15/2019 17:35,0
2758,10/15/2019 17:39,0
2759,10/15/2019 18:40,1
2760,10/16/2019 8:44,1
2761,10/16/2019 8:45,1
2762,10/16/2019 8:45,0
2763,10/16/2019 8:45,0
2764,10/16/2019 8:51,0
2765,10/16/2019 8:52,1
2766,10/16/2019 9:28,1
2767,10/16/2019 9:29,0
2768,10/16/2019 9:29,0
2769,10/16/2019 9:29,0
2770,10/16/2019 9:29,0
2771,10/16/2019 9:30,0
2772,10/16/2019 9:30,0
2773,10/16/2019 9:30,0
2774,10/16/2019 9:30,0
2775,10/16/2019 9:30,0
2776,10/16/2019 9:30,0
2777,10/16/2019 10:55,1
2778,10/16/2019 10:57,1
2779,10/16/2019 10:58,1
2780,10/16/2019 10:58,1
2781,10/16/2019 10:58,1
2782,10/16/2019 10:58,0
2783,10/16/2019 10:58,1
2784,10/16/2019 10:59,1
2785,10/16/2019 11:00,1
2786,10/16/2019 11:02,1
2787,10/16/2019 11:09,1
2788,10/16/2019 11:11,0
2789,10/16/2019 11:12,1
2790,10/16/2019 11:20,1
2791,10/16/2019 11:26,1
2792,10/16/2019 11:39,1
2793,10/16/2019 11:39,1
2794,10/16/2019 11:46,1
2795,10/16/2019 11:50,1
2796,10/16/2019 11:50,1
2797,10/16/2019 11:50,1
2798,10/16/2019 11:51,0
2799,10/16/2019 11:51,1
2800,10/16/2019 11:52,1
2801,10/16/2019 12:08,0
2802,10/16/2019 12:24,0
2803,10/16/2019 12:24,1
2804,10/16/2019 12:26,1
2805,10/16/2019 12:26,0
2806,10/16/2019 12:26,0
2807,10/16/2019 12:26,1
2808,10/16/2019 12:26,0
2809,10/16/2019 12:26,0
2810,10/16/2019 12:27,0
2811,10/16/2019 12:27,1
2812,10/16/2019 12:27,0
2813,10/16/2019 12:27,0
2814,10/16/2019 12:27,0
2815,10/16/2019 12:29,0
2816,10/16/2019 12:30,1
2817,10/16/2019 12:34,1
2818,10/16/2019 12:34,0
2819,10/16/2019 12:34,0
2820,10/16/2019 12:34,1
2821,10/16/2019 12:34,1
2822,10/16/2019 12:35,0
2823,10/16/2019 12:35,1
2824,10/16/2019 12:37,0
2825,10/16/2019 12:39,0
2826,10/16/2019 12:39,0
2827,10/16/2019 12:39,0
2828,10/16/2019 12:39,0
2829,10/16/2019 12:39,0
2830,10/16/2019 12:39,0
2831,10/16/2019 12:39,0
2832,10/16/2019 12:39,0
2833,10/16/2019 12:39,0
2834,10/16/2019 12:39,0
2835,10/16/2019 12:39,0
2836,10/16/2019 12:39,0
2837,10/16/2019 12:39,0
2838,10/16/2019 12:39,0
2839,10/16/2019 12:39,0
2840,10/16/2019 12:40,0
2841,10/16/2019 12:40,0
2842,10/16/2019 12:40,0
2843,10/16/2019 12:40,0
2844,10/16/2019 12:40,0
2845,10/16/2019 12:40,0
2846,10/16/2019 12:40,0
2847,10/16/2019 12:40,0
2848,10/16/2019 12:40,0
2849,10/16/2019 12:40,0
2850,10/16/2019 12:40,0
2851,10/16/2019 12:40,0
2852,10/16/2019 12:47,0
2853,10/16/2019 12:47,0
2854,10/16/2019 12:47,0
2855,10/16/2019 12:58,1
2856,10/16/2019 12:58,1
2857,10/16/2019 12:58,1
2858,10/16/2019 12:58,1
2859,10/16/2019 12:58,1
2860,10/16/2019 12:58,1
2861,10/16/2019 12:58,1
2862,10/16/2019 12:58,1
2863,10/16/2019 12:58,1
2864,10/16/2019 12:58,0
2865,10/16/2019 13:02,1
2866,10/16/2019 13:12,0
2867,10/16/2019 13:14,1
2868,10/16/2019 13:20,0
2869,10/16/2019 13:26,0
2870,10/16/2019 13:27,0
2871,10/16/2019 13:27,0
2872,10/16/2019 13:28,1
2873,10/16/2019 13:28,0
2874,10/16/2019 13:28,0
2875,10/16/2019 13:50,1
2876,10/16/2019 13:51,0
2877,10/16/2019 13:51,0
2878,10/16/2019 13:51,0
2879,10/16/2019 13:51,0
2880,10/16/2019 13:51,0
2881,10/16/2019 13:51,0
2882,10/16/2019 13:51,1
2883,10/16/2019 13:51,0
2884,10/16/2019 13:51,0
2885,10/16/2019 13:51,0
2886,10/16/2019 13:51,0
2887,10/16/2019 13:51,0
2888,10/16/2019 13:51,0
2889,10/16/2019 13:51,0
2890,10/16/2019 13:51,0
2891,10/16/2019 13:51,0
2892,10/16/2019 13:51,0
2893,10/16/2019 13:51,1
2894,10/16/2019 13:51,0
2895,10/16/2019 13:51,0
2896,10/16/2019 13:51,0
2897,10/16/2019 13:51,0
2898,10/16/2019 13:51,1
2899,10/16/2019 13:51,0
2900,10/16/2019 14:21,1
2901,10/16/2019 14:33,0
2902,10/16/2019 14:41,0
2903,10/16/2019 14:41,1
2904,10/16/2019 14:41,1
2905,10/16/2019 14:41,1
2906,10/16/2019 14:41,1
2907,10/16/2019 14:41,1
2908,10/16/2019 14:41,1
2909,10/16/2019 14:41,0
2910,10/16/2019 14:41,0
2911,10/16/2019 14:41,1
2912,10/16/2019 14:41,0
2913,10/16/2019 14:41,0
2914,10/16/2019 14:42,0
2915,10/16/2019 14:59,1
2916,10/16/2019 15:04,1
2917,10/16/2019 15:14,1
2918,10/16/2019 15:19,0
2919,10/16/2019 15:20,1
2920,10/16/2019 15:28,0
2921,10/16/2019 15:32,0
2922,10/16/2019 15:35,0
2923,10/16/2019 15:55,0
2924,10/16/2019 16:04,0
2925,10/16/2019 16:07,0
2926,10/16/2019 16:13,0
2927,10/16/2019 16:33,1
2928,10/16/2019 16:33,1
2929,10/16/2019 16:33,1
2930,10/16/2019 16:33,1
2931,10/16/2019 16:33,1
2932,10/16/2019 16:57,0
2933,10/16/2019 16:57,1
2934,10/16/2019 16:57,1
2935,10/16/2019 16:57,1
2936,10/16/2019 16:57,1
2937,10/16/2019 16:57,1
2938,10/16/2019 16:57,1
2939,10/16/2019 16:57,0
2940,10/16/2019 16:57,0
2941,10/16/2019 16:57,0
2942,10/16/2019 16:57,0
2943,10/16/2019 16:57,0
2944,10/16/2019 16:57,0
2945,10/16/2019 16:57,0
2946,10/16/2019 16:57,0
2947,10/16/2019 16:57,0
2948,10/16/2019 16:57,1
2949,10/16/2019 16:57,0
2950,10/16/2019 16:57,0
2951,10/16/2019 16:58,0
2952,10/16/2019 16:58,0
2953,10/16/2019 16:58,0
2954,10/16/2019 16:58,0
2955,10/16/2019 16:58,0
2956,10/16/2019 16:58,0
2957,10/16/2019 16:58,0
2958,10/16/2019 16:58,0
2959,10/16/2019 16:58,0
2960,10/16/2019 16:58,0
2961,10/16/2019 16:58,0
2962,10/16/2019 16:58,0
2963,10/16/2019 16:58,0
2964,10/16/2019 16:58,0
2965,10/16/2019 16:58,0
2966,10/16/2019 16:58,0
2967,10/16/2019 16:58,0
2968,10/16/2019 16:58,0
2969,10/16/2019 16:58,0
2970,10/16/2019 16:58,0
2971,10/16/2019 16:58,0
2972,10/16/2019 16:58,0
2973,10/16/2019 16:58,0
2974,10/16/2019 16:58,0
2975,10/16/2019 16:58,0
2976,10/16/2019 16:58,1
2977,10/16/2019 16:58,1
2978,10/16/2019 16:58,0
2979,10/16/2019 17:06,0
2980,10/16/2019 17:06,0
2981,10/16/2019 17:07,0
2982,10/16/2019 17:07,0
2983,10/16/2019 17:07,1
2984,10/16/2019 17:11,1
2985,10/16/2019 17:12,0
2986,10/16/2019 17:14,1
2987,10/16/2019 17:15,1
2988,10/16/2019 17:15,1
2989,10/16/2019 17:15,1
2990,10/16/2019 17:15,1
2991,10/16/2019 17:15,1
2992,10/16/2019 17:15,1
2993,10/16/2019 17:15,1
2994,10/16/2019 17:15,1
2995,10/16/2019 17:15,1
2996,10/16/2019 18:06,1
2997,10/16/2019 18:07,1
2998,10/16/2019 18:07,0
2999,10/16/2019 18:07,0
3000,10/16/2019 18:07,0
3001,10/16/2019 18:07,0
3002,10/16/2019 18:07,0
3003,10/16/2019 18:07,1
3004,10/16/2019 18:07,0
3005,10/16/2019 18:07,1
3006,10/16/2019 18:13,0
3007,10/16/2019 18:17,1
3008,10/16/2019 18:17,1
3009,10/16/2019 18:17,1
3010,10/16/2019 18:17,1
3011,10/16/2019 18:17,1
3012,10/16/2019 18:17,1
3013,10/16/2019 18:17,1
3014,10/16/2019 18:17,1
3015,10/16/2019 18:17,1
3016,10/16/2019 18:17,1
3017,10/16/2019 18:17,1
3018,10/16/2019 18:17,1
3019,10/16/2019 18:17,1
3020,10/16/2019 18:17,1
3021,10/16/2019 18:17,1
3022,10/16/2019 18:17,1
3023,10/16/2019 18:17,1
3024,10/16/2019 18:17,1
3025,10/16/2019 18:17,1
3026,10/16/2019 18:17,1
3027,10/16/2019 18:17,1
3028,10/16/2019 18:17,0
3029,10/16/2019 18:17,1
3030,10/16/2019 18:17,1
3031,10/16/2019 18:17,1
3032,10/16/2019 18:17,1
3033,10/16/2019 18:17,0
3034,10/16/2019 18:17,0
3035,10/16/2019 18:17,0
3036,10/16/2019 18:17,0
3037,10/16/2019 18:17,0
3038,10/16/2019 18:18,0
3039,10/16/2019 18:18,0
3040,10/16/2019 18:18,0
3041,10/16/2019 18:18,0
3042,10/16/2019 18:19,1
3043,10/16/2019 18:19,1
3044,10/16/2019 18:19,1
3045,10/16/2019 18:19,0
3046,10/16/2019 18:19,0
3047,10/16/2019 18:19,0
3048,10/16/2019 18:19,0
3049,10/16/2019 18:19,0
3050,10/16/2019 18:19,1
3051,10/16/2019 18:20,0
3052,10/16/2019 18:20,1
3053,10/16/2019 18:20,0
3054,10/16/2019 18:20,0
3055,10/16/2019 18:20,1
3056,10/16/2019 18:20,0
3057,10/16/2019 18:20,1
3058,10/16/2019 18:20,0
3059,10/16/2019 18:20,1
3060,10/16/2019 18:20,0
3061,10/16/2019 18:20,1
3062,10/16/2019 18:20,0
3063,10/16/2019 18:20,1
3064,10/16/2019 18:20,0
3065,10/16/2019 18:20,1
3066,10/16/2019 18:20,0
3067,10/16/2019 18:20,0
3068,10/16/2019 18:20,0
3069,10/16/2019 18:20,1
3070,10/16/2019 18:20,0
3071,10/16/2019 18:20,1
3072,10/16/2019 18:20,1
3073,10/16/2019 18:20,0
3074,10/16/2019 18:20,0
3075,10/16/2019 18:20,1
3076,10/16/2019 18:20,0
3077,10/16/2019 18:20,1
3078,10/16/2019 18:20,0
3079,10/16/2019 18:20,1
3080,10/16/2019 18:20,0
3081,10/16/2019 18:20,0
3082,10/16/2019 18:20,0
3083,10/16/2019 18:20,0
3084,10/16/2019 18:20,0
3085,10/16/2019 18:20,0
3086,10/16/2019 18:20,0
3087,10/16/2019 18:20,1
3088,10/16/2019 18:20,0
3089,10/16/2019 18:20,1
3090,10/16/2019 18:20,0
3091,10/16/2019 18:20,1
3092,10/16/2019 18:20,1
3093,10/16/2019 18:21,0
3094,10/16/2019 18:21,0
3095,10/16/2019 18:21,0
3096,10/16/2019 18:21,0
3097,10/16/2019 18:21,0
3098,10/16/2019 18:34,1
3099,10/16/2019 18:34,0
3100,10/16/2019 18:35,1
3101,10/16/2019 18:49,1
3102,10/16/2019 18:49,1
3103,10/16/2019 18:50,1
3104,10/16/2019 18:50,0
3105,10/16/2019 18:50,1
3106,10/16/2019 18:50,1
3107,10/16/2019 18:50,0
3108,10/16/2019 18:50,1
3109,10/16/2019 18:50,1
3110,10/16/2019 18:50,1
3111,10/16/2019 18:50,1
3112,10/16/2019 18:50,1
3113,10/16/2019 18:50,1
3114,10/16/2019 18:50,0
3115,10/16/2019 18:52,0
3116,10/16/2019 18:57,0
3117,10/16/2019 18:57,0
3118,10/16/2019 19:00,1
3119,10/16/2019 19:03,0
3120,10/16/2019 19:03,1
3121,10/16/2019 19:03,0
3122,10/16/2019 19:03,0
3123,10/16/2019 19:03,1
3124,10/16/2019 19:03,0
3125,10/16/2019 19:19,1
3126,10/16/2019 19:40,0
3127,10/16/2019 20:48,0
3128,10/18/2019 11:23,1
3129,10/18/2019 11:23,1
3130,10/18/2019 11:23,1
3131,10/18/2019 11:23,1
3132,10/18/2019 11:23,1
3133,10/18/2019 11:23,1
3134,10/18/2019 11:23,1
3135,10/18/2019 11:23,1
3136,10/18/2019 11:23,1
3137,10/18/2019 11:23,1
3138,10/18/2019 11:23,0
3139,10/18/2019 11:23,1
3140,10/18/2019 11:23,0
3141,10/18/2019 11:24,1
3142,10/18/2019 11:24,1
3143,10/18/2019 11:24,1
3144,10/18/2019 11:32,1
3145,10/18/2019 11:33,1
3146,10/18/2019 11:33,1
3147,10/18/2019 11:33,1
3148,10/18/2019 11:36,1
3149,10/18/2019 11:37,0
3150,10/18/2019 11:37,0
3151,10/18/2019 11:37,1
3152,10/18/2019 11:54,1
3153,10/18/2019 11:54,1
3154,10/18/2019 11:55,1
3155,10/18/2019 11:58,1
3156,10/18/2019 11:58,1
3157,10/18/2019 12:34,1
3158,10/18/2019 12:39,1
3159,10/18/2019 12:42,1
3160,10/18/2019 12:45,1
3161,10/18/2019 12:45,1
3162,10/18/2019 12:45,1
3163,10/18/2019 12:45,1
3164,10/18/2019 12:50,1
3165,10/18/2019 12:50,1
3166,10/18/2019 12:50,0
3167,10/18/2019 12:51,1
3168,10/18/2019 12:53,1
3169,10/18/2019 12:53,1
3170,10/18/2019 12:53,0
3171,10/18/2019 12:53,0
3172,10/18/2019 12:57,0
3173,10/18/2019 12:57,0
3174,10/18/2019 12:57,1
3175,10/18/2019 13:05,0
3176,10/18/2019 13:12,1
3177,10/18/2019 13:29,1
3178,10/18/2019 13:38,0
3179,10/18/2019 13:39,0
3180,10/18/2019 13:39,0
3181,10/18/2019 13:39,0
3182,10/18/2019 13:39,0
3183,10/18/2019 13:39,0
3184,10/18/2019 13:39,0
3185,10/18/2019 13:57,0
3186,10/18/2019 13:57,0
3187,10/18/2019 13:57,1
3188,10/18/2019 14:10,0
3189,10/18/2019 14:31,1
3190,10/18/2019 14:44,1
3191,10/18/2019 14:46,1
3192,10/18/2019 14:46,1
3193,10/18/2019 14:46,1
3194,10/18/2019 14:46,1
3195,10/18/2019 14:50,1
3196,10/18/2019 14:50,1
3197,10/18/2019 14:50,1
3198,10/18/2019 14:50,1
3199,10/18/2019 14:50,1
3200,10/18/2019 14:50,1
3201,10/18/2019 14:50,1
3202,10/18/2019 14:54,1
3203,10/18/2019 14:54,1
3204,10/18/2019 15:21,0
3205,10/18/2019 15:29,1
3206,10/18/2019 15:34,1
3207,10/18/2019 15:57,0
3208,10/18/2019 15:57,0
3209,10/18/2019 15:57,0
3210,10/18/2019 15:57,0
3211,10/18/2019 16:35,0
3212,10/18/2019 16:45,1
3213,10/18/2019 16:45,0
3214,10/18/2019 16:46,0
3215,10/18/2019 16:49,0
3216,10/18/2019 16:49,0
3217,10/18/2019 16:49,0
3218,10/18/2019 16:49,0
3219,10/18/2019 16:49,0
3220,10/18/2019 16:49,0
3221,10/18/2019 16:49,0
3222,10/18/2019 16:49,0
3223,10/18/2019 16:49,0
3224,10/18/2019 16:49,0
3225,10/18/2019 16:49,0
3226,10/18/2019 16:50,1
3227,10/18/2019 16:50,0
3228,10/18/2019 16:50,0
3229,10/18/2019 16:50,0
3230,10/18/2019 16:50,0
3231,10/18/2019 16:50,0
3232,10/18/2019 16:50,0
3233,10/18/2019 16:50,0
3234,10/18/2019 16:50,0
3235,10/18/2019 16:50,0
3236,10/18/2019 16:51,0
3237,10/18/2019 16:59,1
3238,10/18/2019 16:59,1
3239,10/18/2019 16:59,0
3240,10/18/2019 16:59,0
3241,10/18/2019 17:11,0
3242,10/18/2019 17:29,0
3243,10/18/2019 17:34,0
3244,10/18/2019 17:38,1
3245,10/18/2019 17:52,1
3246,10/18/2019 17:57,1
3247,10/18/2019 17:57,1
3248,10/18/2019 17:57,1
3249,10/18/2019 18:24,1
3250,10/18/2019 18:33,0
3251,10/18/2019 18:33,0
3252,10/18/2019 18:40,0
3253,10/18/2019 18:46,0
3254,10/18/2019 18:46,0
3255,10/18/2019 18:49,0
3256,10/18/2019 19:19,1
3257,10/18/2019 20:23,1
3258,10/18/2019 20:28,1
3259,10/18/2019 20:28,1
3260,10/18/2019 20:29,1
3261,10/18/2019 20:29,1
3262,10/18/2019 20:29,1
3263,10/18/2019 20:29,1
3264,10/18/2019 20:29,1
3265,10/18/2019 20:29,1
3266,10/18/2019 20:29,1
3267,10/18/2019 20:29,1
3268,10/18/2019 20:29,1
3269,10/18/2019 20:29,1
3270,10/18/2019 20:29,1
3271,10/18/2019 20:29,1
3272,10/18/2019 20:29,1
3273,10/18/2019 20:29,1
3274,10/18/2019 20:29,1
3275,10/18/2019 20:29,1
3276,10/18/2019 20:29,1
3277,10/18/2019 20:29,1
3278,10/18/2019 20:31,1
3279,10/18/2019 20:31,1
3280,10/18/2019 20:31,1
3281,10/18/2019 20:31,1
3282,10/18/2019 20:31,1
3283,10/18/2019 20:31,1
3284,10/18/2019 20:31,1
3285,10/18/2019 20:31,1
3286,10/18/2019 21:02,0
3287,10/19/2019 7:38,1
3288,10/19/2019 10:33,1
3289,10/19/2019 10:40,1
3290,10/19/2019 10:40,0
3291,10/19/2019 10:40,1
3292,10/19/2019 10:40,1
3293,10/19/2019 10:55,1
3294,10/19/2019 11:18,1
3295,10/19/2019 11:18,0
3296,10/19/2019 11:22,1
3297,10/19/2019 11:44,1
3298,10/19/2019 11:44,1
3299,10/19/2019 11:44,1
3300,10/19/2019 11:44,1
3301,10/19/2019 11:44,1
3302,10/19/2019 11:44,1
3303,10/19/2019 11:44,1
3304,10/19/2019 12:01,0
3305,10/19/2019 12:19,0
3306,10/19/2019 12:59,1
3307,10/19/2019 12:59,1
3308,10/19/2019 13:24,0
3309,10/19/2019 13:28,1
3310,10/19/2019 13:28,1
3311,10/19/2019 14:17,0
3312,10/19/2019 14:17,0
3313,10/19/2019 14:17,1
3314,10/19/2019 14:17,1
3315,10/19/2019 14:17,1
3316,10/19/2019 16:01,1
3317,10/19/2019 16:01,1
3318,10/19/2019 17:20,1
3319,10/21/2019 9:35,0
3320,10/21/2019 10:10,0
3321,10/21/2019 10:19,1
3322,10/21/2019 10:38,1
3323,10/21/2019 10:38,0
3324,10/21/2019 10:38,1
3325,10/21/2019 10:38,1
3326,10/21/2019 10:38,1
3327,10/21/2019 10:38,1
3328,10/21/2019 10:38,1
3329,10/21/2019 10:38,1
3330,10/21/2019 10:38,1
3331,10/21/2019 10:38,1
3332,10/21/2019 10:38,1
3333,10/21/2019 10:38,1
3334,10/21/2019 10:38,1
3335,10/21/2019 10:49,0
3336,10/21/2019 11:10,0
3337,10/21/2019 11:10,0
3338,10/21/2019 11:43,1
3339,10/21/2019 11:43,1
3340,10/21/2019 11:43,1
3341,10/21/2019 11:43,1
3342,10/21/2019 11:44,1
3343,10/21/2019 11:44,1
3344,10/21/2019 11:44,1
3345,10/21/2019 11:44,1
3346,10/21/2019 11:44,1
3347,10/21/2019 11:44,1
3348,10/21/2019 11:44,1
3349,10/21/2019 11:53,0
3350,10/21/2019 11:53,0
3351,10/21/2019 11:53,1
3352,10/21/2019 11:53,1
3353,10/21/2019 11:53,0
3354,10/21/2019 11:53,1
3355,10/21/2019 11:54,0
3356,10/21/2019 11:54,1
3357,10/21/2019 11:54,0
3358,10/21/2019 11:54,1
3359,10/21/2019 11:54,0
3360,10/21/2019 11:58,0
3361,10/21/2019 11:58,0
3362,10/21/2019 11:58,0
3363,10/21/2019 11:58,0
3364,10/21/2019 11:58,0
3365,10/21/2019 11:58,0
3366,10/21/2019 11:58,0
3367,10/21/2019 11:58,0
3368,10/21/2019 11:58,0
3369,10/21/2019 11:58,0
3370,10/21/2019 11:58,0
3371,10/21/2019 11:58,0
3372,10/21/2019 11:59,1
3373,10/21/2019 11:59,1
3374,10/21/2019 11:59,1
3375,10/21/2019 11:59,1
3376,10/21/2019 11:59,1
3377,10/21/2019 11:59,1
3378,10/21/2019 11:59,1
3379,10/21/2019 11:59,1
3380,10/21/2019 11:59,1
3381,10/21/2019 12:00,0
3382,10/21/2019 12:00,1
3383,10/21/2019 12:01,1
3384,10/21/2019 12:01,1
3385,10/21/2019 12:01,1
3386,10/21/2019 12:08,1
3387,10/21/2019 12:08,1
3388,10/21/2019 12:08,1
3389,10/21/2019 12:08,1
3390,10/21/2019 12:09,0
3391,10/21/2019 13:42,1
3392,10/21/2019 13:42,1
3393,10/21/2019 13:42,1
3394,10/21/2019 13:42,1
3395,10/21/2019 13:42,0
3396,10/21/2019 13:42,1
3397,10/21/2019 13:47,0
3398,10/21/2019 13:47,1
3399,10/21/2019 14:33,1
3400,10/21/2019 14:52,0
3401,10/21/2019 14:53,0
3402,10/21/2019 15:37,0
3403,10/21/2019 15:37,0
3404,10/21/2019 15:38,1
3405,10/21/2019 16:15,1
3406,10/21/2019 17:50,1
3407,10/21/2019 17:50,1
3408,10/21/2019 17:50,1
3409,10/21/2019 17:50,1
3410,10/21/2019 17:50,0
3411,10/21/2019 19:03,1
3412,10/21/2019 19:03,1
3413,10/21/2019 19:03,1
3414,10/21/2019 19:03,1
3415,10/21/2019 19:04,1
3416,10/21/2019 19:09,0
3417,10/21/2019 19:40,0
3418,10/23/2019 9:26,1
3419,10/23/2019 9:26,1
3420,10/23/2019 9:26,1
3421,10/23/2019 9:26,1
3422,10/23/2019 9:26,1
3423,10/23/2019 9:26,0
3424,10/23/2019 9:26,0
3425,10/23/2019 9:26,0
3426,10/23/2019 9:29,1
3427,10/23/2019 9:29,1
3428,10/23/2019 9:29,0
3429,10/23/2019 9:29,0
3430,10/23/2019 9:31,0
3431,10/23/2019 9:32,1
3432,10/23/2019 9:32,0
3433,10/23/2019 9:33,0
3434,10/23/2019 9:37,1
3435,10/23/2019 9:40,0
3436,10/23/2019 9:48,1
3437,10/23/2019 10:24,1
3438,10/23/2019 10:52,1
3439,10/23/2019 10:53,0
3440,10/23/2019 10:53,1
3441,10/23/2019 10:54,0
3442,10/23/2019 10:54,0
3443,10/23/2019 10:54,1
3444,10/23/2019 10:54,1
3445,10/23/2019 10:55,1
3446,10/23/2019 10:55,0
3447,10/23/2019 10:55,0
3448,10/23/2019 10:57,0
3449,10/23/2019 10:58,0
3450,10/23/2019 10:58,0
3451,10/23/2019 10:58,1
3452,10/23/2019 10:58,0
3453,10/23/2019 10:58,1
3454,10/23/2019 10:58,0
3455,10/23/2019 10:58,1
3456,10/23/2019 10:58,1
3457,10/23/2019 10:58,0
3458,10/23/2019 10:58,1
3459,10/23/2019 10:58,0
3460,10/23/2019 10:58,1
3461,10/23/2019 10:58,0
3462,10/23/2019 10:58,1
3463,10/23/2019 10:58,0
3464,10/23/2019 10:58,1
3465,10/23/2019 10:58,0
3466,10/23/2019 10:58,1
3467,10/23/2019 10:58,1
3468,10/23/2019 11:02,1
3469,10/23/2019 11:04,0
3470,10/23/2019 11:04,0
3471,10/23/2019 11:07,1
3472,10/23/2019 11:07,1
3473,10/23/2019 11:07,1
3474,10/23/2019 11:08,1
3475,10/23/2019 11:12,0
3476,10/23/2019 11:12,1
3477,10/23/2019 11:12,1
3478,10/23/2019 11:12,0
3479,10/23/2019 11:19,0
3480,10/23/2019 11:20,0
3481,10/23/2019 11:20,1
3482,10/23/2019 11:20,0
3483,10/23/2019 11:20,1
3484,10/23/2019 11:20,0
3485,10/23/2019 11:20,1
3486,10/23/2019 11:20,1
3487,10/23/2019 11:23,0
3488,10/23/2019 11:23,0
3489,10/23/2019 11:26,1
3490,10/23/2019 11:26,0
3491,10/23/2019 11:26,0
3492,10/23/2019 11:26,0
3493,10/23/2019 11:35,0
3494,10/23/2019 11:36,0
3495,10/23/2019 11:36,0
3496,10/23/2019 11:36,0
3497,10/23/2019 11:38,0
3498,10/23/2019 11:38,0
3499,10/23/2019 12:10,1
3500,10/23/2019 12:25,1
3501,10/23/2019 12:26,1
3502,10/23/2019 12:51,1
3503,10/23/2019 12:51,1
3504,10/23/2019 12:52,1
3505,10/23/2019 12:52,1
3506,10/23/2019 12:53,1
3507,10/23/2019 12:53,1
3508,10/23/2019 12:53,1
3509,10/23/2019 12:59,1
3510,10/23/2019 13:03,1
3511,10/23/2019 13:03,0
3512,10/23/2019 13:03,0
3513,10/23/2019 13:03,0
3514,10/23/2019 13:09,0
3515,10/23/2019 13:12,0
3516,10/23/2019 13:13,1
3517,10/23/2019 13:18,0
3518,10/23/2019 14:06,1
3519,10/23/2019 14:34,1
3520,10/23/2019 14:34,1
3521,10/23/2019 14:37,1
3522,10/23/2019 14:37,1
3523,10/23/2019 14:48,1
3524,10/23/2019 14:48,1
3525,10/23/2019 14:48,1
3526,10/23/2019 14:48,1
3527,10/23/2019 14:48,1
3528,10/23/2019 14:48,1
3529,10/23/2019 14:48,1
3530,10/23/2019 14:48,0
3531,10/23/2019 14:48,1
3532,10/23/2019 14:52,0
3533,10/23/2019 14:53,0
3534,10/23/2019 14:53,1
3535,10/23/2019 14:55,1
3536,10/23/2019 14:55,1
3537,10/23/2019 14:55,1
3538,10/23/2019 14:56,1
3539,10/23/2019 14:56,1
3540,10/23/2019 14:56,1
3541,10/23/2019 14:58,0
3542,10/23/2019 14:58,0
3543,10/23/2019 14:58,0
3544,10/23/2019 14:58,0
3545,10/23/2019 15:01,1
3546,10/23/2019 15:03,1
3547,10/23/2019 15:03,1
3548,10/23/2019 15:03,1
3549,10/23/2019 15:03,1
3550,10/23/2019 15:03,1
3551,10/23/2019 15:05,1
3552,10/23/2019 15:05,0
3553,10/23/2019 15:05,0
3554,10/23/2019 15:05,0
3555,10/23/2019 15:05,0
3556,10/23/2019 15:06,0
3557,10/23/2019 15:06,0
3558,10/23/2019 15:06,0
3559,10/23/2019 15:06,0
3560,10/23/2019 15:06,0
3561,10/23/2019 15:52,1
3562,10/23/2019 16:42,0
3563,10/23/2019 16:48,1
3564,10/23/2019 16:52,1
3565,10/23/2019 16:56,1
3566,10/23/2019 16:56,1
3567,10/23/2019 16:57,1
3568,10/23/2019 17:03,1
3569,10/23/2019 17:11,1
3570,10/23/2019 17:12,0
3571,10/23/2019 17:12,0
3572,10/23/2019 17:18,1
3573,10/23/2019 17:18,1
3574,10/23/2019 17:26,0
3575,10/23/2019 17:28,1
3576,10/23/2019 17:28,1
3577,10/23/2019 17:28,0
3578,10/23/2019 17:28,0
3579,10/23/2019 17:52,0
3580,10/23/2019 17:52,0
3581,10/23/2019 17:52,0
3582,10/23/2019 17:58,1
3583,10/23/2019 17:58,1
3584,10/23/2019 17:58,1
3585,10/23/2019 17:58,1
3586,10/23/2019 17:58,1
3587,10/23/2019 17:58,1
3588,10/23/2019 17:58,1
3589,10/23/2019 17:58,1
3590,10/23/2019 17:58,1
3591,10/23/2019 17:58,1
3592,10/23/2019 17:58,0
3593,10/23/2019 17:58,1
3594,10/23/2019 17:58,1
3595,10/23/2019 17:58,0
3596,10/23/2019 17:59,1
3597,10/23/2019 17:59,0
3598,10/23/2019 17:59,1
3599,10/23/2019 17:59,1
3600,10/23/2019 17:59,1
3601,10/23/2019 17:59,1
3602,10/23/2019 17:59,1
3603,10/23/2019 17:59,1
3604,10/23/2019 17:59,1
3605,10/23/2019 18:39,1
3606,10/23/2019 18:39,1
3607,10/23/2019 18:42,1
3608,10/23/2019 18:45,0
3609,10/23/2019 18:45,1
3610,10/23/2019 18:45,0
3611,10/23/2019 18:45,1
3612,10/23/2019 18:45,0
3613,10/23/2019 18:45,1
3614,10/23/2019 18:45,0
3615,10/23/2019 18:45,1
3616,10/23/2019 18:45,0
3617,10/23/2019 18:45,0
3618,10/23/2019 18:45,0
3619,10/23/2019 18:45,0
3620,10/23/2019 18:45,1
3621,10/23/2019 18:45,1
3622,10/23/2019 18:45,0
3623,10/23/2019 18:45,0
3624,10/23/2019 18:45,1
3625,10/23/2019 18:45,1
3626,10/23/2019 18:45,0
3627,10/23/2019 18:58,1
3628,10/23/2019 18:58,1
3629,10/23/2019 18:58,0
3630,10/23/2019 18:58,1
3631,10/23/2019 18:58,0
3632,10/23/2019 18:58,0
3633,10/23/2019 18:59,1
3634,10/23/2019 18:59,0
3635,10/23/2019 18:59,1
3636,10/23/2019 18:59,1
3637,10/23/2019 18:59,0
3638,10/23/2019 18:59,1
3639,10/23/2019 18:59,0
3640,10/23/2019 18:59,1
3641,10/23/2019 18:59,0
3642,10/23/2019 18:59,1
3643,10/23/2019 18:59,0
3644,10/23/2019 19:00,1
3645,10/23/2019 19:00,0
3646,10/23/2019 19:00,1
3647,10/23/2019 19:00,0
3648,10/23/2019 19:00,0
3649,10/23/2019 19:00,1
3650,10/23/2019 19:00,1
3651,10/23/2019 19:00,1
3652,10/23/2019 19:00,0
3653,10/23/2019 19:00,0
3654,10/23/2019 19:00,1
3655,10/23/2019 19:00,1
3656,10/23/2019 19:00,0
3657,10/23/2019 19:00,0
3658,10/23/2019 19:00,1
3659,10/23/2019 19:01,1
3660,10/23/2019 19:01,0
3661,10/23/2019 19:01,1
3662,10/23/2019 19:01,0
3663,10/23/2019 19:01,1
3664,10/23/2019 19:01,1
3665,10/23/2019 19:17,1
3666,10/23/2019 19:20,1
3667,10/23/2019 19:20,1
3668,10/23/2019 19:20,1
3669,10/23/2019 19:20,1
3670,10/23/2019 19:20,1
3671,10/23/2019 19:20,1
3672,10/23/2019 19:20,1
3673,10/23/2019 19:20,1
3674,10/23/2019 19:21,1
3675,10/23/2019 19:21,1
3676,10/23/2019 19:21,1
3677,10/23/2019 19:21,1
3678,10/23/2019 19:21,1
3679,10/23/2019 19:24,1
3680,10/23/2019 19:25,0
3681,10/23/2019 19:26,0
3682,10/23/2019 19:26,0
3683,10/23/2019 19:26,0
3684,10/23/2019 19:29,0
3685,10/23/2019 19:33,1
3686,10/23/2019 19:40,0
3687,10/23/2019 19:44,0
3688,10/23/2019 19:45,1
3689,10/23/2019 19:45,0
3690,10/23/2019 20:02,0
3691,10/23/2019 20:02,0
3692,10/23/2019 20:02,0
3693,10/23/2019 20:02,0
3694,10/23/2019 20:02,0
3695,10/23/2019 20:02,0
3696,10/23/2019 20:13,1
3697,10/23/2019 20:13,0
3698,10/23/2019 20:13,1
3699,10/25/2019 13:03,0
3700,10/25/2019 13:11,0
3701,10/25/2019 13:14,0
3702,10/25/2019 13:18,0
3703,10/25/2019 13:26,1
3704,10/25/2019 13:26,1
3705,10/25/2019 13:30,1
3706,10/25/2019 13:47,1
3707,10/25/2019 13:47,1
3708,10/25/2019 14:35,1
3709,10/25/2019 14:44,1
3710,10/25/2019 14:44,0
3711,10/25/2019 14:44,0
3712,10/25/2019 14:44,1
3713,10/25/2019 14:44,0
3714,10/25/2019 14:44,0
3715,10/25/2019 14:44,0
3716,10/25/2019 14:44,0
3717,10/25/2019 14:44,0
3718,10/25/2019 14:47,0
3719,10/25/2019 14:47,1
3720,10/25/2019 14:48,1
3721,10/25/2019 14:48,1
3722,10/25/2019 14:48,1
3723,10/25/2019 14:48,1
3724,10/25/2019 14:48,1
3725,10/25/2019 14:48,1
3726,10/25/2019 14:48,0
3727,10/25/2019 14:48,1
3728,10/25/2019 14:48,1
3729,10/25/2019 14:48,1
3730,10/25/2019 14:48,1
3731,10/25/2019 14:48,1
3732,10/25/2019 14:48,0
3733,10/25/2019 14:48,0
3734,10/25/2019 14:48,0
3735,10/25/2019 14:48,0
3736,10/25/2019 14:49,0
3737,10/25/2019 14:49,1
3738,10/25/2019 14:49,0
3739,10/25/2019 14:49,1
3740,10/25/2019 14:49,1
3741,10/25/2019 14:49,1
3742,10/25/2019 14:49,1
3743,10/25/2019 14:49,0
3744,10/25/2019 14:49,0
3745,10/25/2019 14:49,0
3746,10/25/2019 14:49,0
3747,10/25/2019 14:50,0
3748,10/25/2019 14:50,0
3749,10/25/2019 14:50,0
3750,10/25/2019 14:50,0
3751,10/25/2019 14:50,0
3752,10/25/2019 14:55,0
3753,10/25/2019 14:55,1
3754,10/25/2019 14:56,0
3755,10/25/2019 14:56,0
3756,10/25/2019 15:01,0
3757,10/25/2019 15:08,0
3758,10/25/2019 15:39,0
3759,10/25/2019 15:45,1
3760,10/25/2019 15:45,0
3761,10/25/2019 15:53,1
3762,10/25/2019 15:53,0
3763,10/25/2019 15:53,1
3764,10/25/2019 15:54,0
3765,10/25/2019 16:07,1
3766,10/25/2019 16:08,0
3767,10/25/2019 16:09,0
3768,10/25/2019 16:09,1
3769,10/25/2019 16:09,1
3770,10/25/2019 16:09,1
3771,10/25/2019 16:09,1
3772,10/25/2019 16:09,1
3773,10/25/2019 16:09,1
3774,10/25/2019 16:09,1
3775,10/25/2019 16:09,1
3776,10/25/2019 16:09,1
3777,10/25/2019 16:09,1
3778,10/25/2019 16:09,1
3779,10/25/2019 16:09,1
3780,10/25/2019 16:09,1
3781,10/25/2019 16:09,1
3782,10/25/2019 16:09,1
3783,10/25/2019 16:09,1
3784,10/25/2019 16:09,1
3785,10/25/2019 16:09,1
3786,10/25/2019 16:09,1
3787,10/25/2019 16:09,1
3788,10/25/2019 16:09,1
3789,10/25/2019 16:09,1
3790,10/25/2019 16:09,1
3791,10/25/2019 16:09,1
3792,10/25/2019 16:09,1
3793,10/25/2019 16:09,1
3794,10/25/2019 16:09,1
3795,10/25/2019 16:09,1
3796,10/25/2019 16:09,1
3797,10/25/2019 16:09,1
3798,10/25/2019 16:12,1
3799,10/25/2019 16:12,1
3800,10/25/2019 16:12,1
3801,10/25/2019 16:12,0
3802,10/25/2019 16:12,0
3803,10/25/2019 16:12,1
3804,10/25/2019 16:12,1
3805,10/25/2019 16:12,1
3806,10/25/2019 16:12,1
3807,10/25/2019 16:12,0
3808,10/25/2019 16:12,1
3809,10/25/2019 16:12,0
3810,10/25/2019 16:12,1
3811,10/25/2019 16:12,0
3812,10/25/2019 16:12,0
3813,10/25/2019 16:12,1
3814,10/25/2019 16:12,0
3815,10/25/2019 16:12,1
3816,10/25/2019 16:13,0
3817,10/25/2019 16:17,1
3818,10/25/2019 16:17,1
3819,10/25/2019 16:17,1
3820,10/25/2019 16:17,1
3821,10/25/2019 16:17,1
3822,10/25/2019 16:17,1
3823,10/25/2019 16:17,1
3824,10/25/2019 16:17,1
3825,10/25/2019 16:17,0
3826,10/25/2019 16:17,1
3827,10/25/2019 16:47,0
3828,10/25/2019 16:47,0
3829,10/25/2019 16:49,1
3830,10/25/2019 16:52,1
3831,10/25/2019 16:53,1
3832,10/25/2019 16:53,1
3833,10/25/2019 16:53,1
3834,10/25/2019 16:53,0
3835,10/25/2019 16:53,0
3836,10/25/2019 16:53,0
3837,10/25/2019 16:53,0
3838,10/25/2019 16:53,1
3839,10/25/2019 16:53,1
3840,10/25/2019 16:53,1
3841,10/25/2019 16:53,1
3842,10/25/2019 16:53,1
3843,10/25/2019 16:53,0
3844,10/25/2019 16:53,0
3845,10/25/2019 16:53,1
3846,10/25/2019 16:53,0
3847,10/25/2019 16:53,0
3848,10/25/2019 16:53,1
3849,10/25/2019 16:53,0
3850,10/25/2019 16:53,1
3851,10/25/2019 16:53,1
3852,10/25/2019 16:53,1
3853,10/25/2019 16:53,1
3854,10/25/2019 16:53,1
3855,10/25/2019 16:55,1
3856,10/25/2019 17:29,1
3857,10/25/2019 17:29,1
3858,10/25/2019 17:31,1
3859,10/25/2019 17:57,1
3860,10/25/2019 17:59,1
3861,10/25/2019 17:59,1
3862,10/25/2019 18:00,1
3863,10/25/2019 18:00,1
3864,10/25/2019 18:01,0
3865,10/25/2019 18:41,1
3866,10/25/2019 18:43,1
3867,10/25/2019 18:43,1
3868,10/25/2019 18:43,0
3869,10/25/2019 18:43,1
3870,10/25/2019 18:43,0
3871,10/25/2019 18:45,1
3872,10/25/2019 18:50,0
3873,10/25/2019 18:57,0
3874,10/25/2019 18:57,1
3875,10/25/2019 18:57,1
3876,10/25/2019 18:57,1
3877,10/25/2019 18:57,1
3878,10/25/2019 18:59,0
3879,10/25/2019 19:17,0
3880,10/25/2019 19:17,0
3881,10/25/2019 19:17,0
3882,10/25/2019 19:17,0
3883,10/25/2019 19:17,0
3884,10/25/2019 19:17,0
3885,10/25/2019 19:17,0
3886,10/25/2019 19:17,0
3887,10/25/2019 19:17,0
3888,10/25/2019 19:17,0
3889,10/25/2019 19:17,0
3890,10/25/2019 19:17,0
3891,10/25/2019 19:17,0
3892,10/25/2019 19:17,0
3893,10/25/2019 19:17,0
3894,10/25/2019 19:17,0
3895,10/25/2019 19:17,0
3896,10/25/2019 19:17,0
3897,10/25/2019 19:17,0
3898,10/25/2019 19:17,0
3899,10/25/2019 19:17,0
3900,10/25/2019 19:18,0
3901,10/25/2019 19:18,0
3902,10/25/2019 19:18,0
3903,10/25/2019 19:18,0
3904,10/25/2019 19:18,0
3905,10/25/2019 19:18,0
3906,10/25/2019 19:18,0
3907,10/25/2019 19:18,0
3908,10/25/2019 19:18,0
3909,10/25/2019 19:18,0
3910,10/25/2019 19:18,0
3911,10/25/2019 19:18,0
3912,10/25/2019 19:18,0
3913,10/25/2019 19:18,0
3914,10/25/2019 19:18,0
3915,10/25/2019 19:18,0
3916,10/25/2019 19:18,0
3917,10/25/2019 19:18,0
3918,10/25/2019 19:18,0
3919,10/25/2019 19:18,0
3920,10/25/2019 19:18,0
3921,10/25/2019 19:18,0
3922,10/25/2019 19:18,0
3923,10/25/2019 19:18,0
3924,10/25/2019 19:18,0
3925,10/25/2019 19:18,0
3926,10/25/2019 19:18,0
3927,10/25/2019 19:18,0
3928,10/25/2019 19:18,0
3929,10/25/2019 19:18,0
3930,10/25/2019 19:18,0
3931,10/25/2019 19:18,0
3932,10/25/2019 19:21,0
3933,10/25/2019 19:40,0
3934,10/25/2019 19:40,0
3935,10/25/2019 19:40,1
3936,10/25/2019 19:40,1
3937,10/25/2019 19:40,1
3938,10/25/2019 20:22,1
3939,11/1/2019 10:45,0
3940,11/1/2019 10:49,1
3941,11/1/2019 10:49,1
3942,11/1/2019 10:54,1
3943,11/1/2019 10:54,1
3944,11/1/2019 10:54,1
3945,11/1/2019 11:10,1
3946,11/1/2019 11:10,1
3947,11/1/2019 11:17,1
3948,11/1/2019 11:17,1
3949,11/1/2019 11:17,1
3950,11/1/2019 11:17,1
3951,11/1/2019 11:22,1
3952,11/1/2019 11:22,1
3953,11/1/2019 11:22,0
3954,11/1/2019 11:22,0
3955,11/1/2019 11:22,0
3956,11/1/2019 11:22,0
3957,11/1/2019 11:22,0
3958,11/1/2019 11:22,0
3959,11/1/2019 11:22,0
3960,11/1/2019 11:22,0
3961,11/1/2019 11:22,0
3962,11/1/2019 11:22,0
3963,11/1/2019 11:22,0
3964,11/1/2019 11:22,0
3965,11/1/2019 11:22,1
3966,11/1/2019 11:22,0
3967,11/1/2019 11:23,0
3968,11/1/2019 11:28,1
3969,11/1/2019 11:28,0
3970,11/1/2019 11:28,0
3971,11/1/2019 11:29,0
3972,11/1/2019 11:29,0
3973,11/1/2019 11:29,0
3974,11/1/2019 11:29,0
3975,11/1/2019 11:29,0
3976,11/1/2019 11:29,0
3977,11/1/2019 11:29,0
3978,11/1/2019 11:30,0
3979,11/1/2019 11:30,1
3980,11/1/2019 11:34,0
3981,11/1/2019 11:34,0
3982,11/1/2019 11:34,0
3983,11/1/2019 11:34,0
3984,11/1/2019 11:34,0
3985,11/1/2019 11:36,0
3986,11/1/2019 11:37,1
3987,11/1/2019 12:08,1
3988,11/1/2019 12:19,0
3989,11/1/2019 12:38,0
3990,11/1/2019 12:38,0
3991,11/1/2019 12:43,0
3992,11/1/2019 12:48,0
3993,11/1/2019 12:48,0
3994,11/1/2019 13:39,1
3995,11/1/2019 14:00,1
3996,11/1/2019 14:18,1
3997,11/1/2019 14:18,1
3998,11/1/2019 14:24,0
3999,11/1/2019 14:44,1
4000,11/1/2019 14:46,0
4001,11/1/2019 14:46,0
4002,11/1/2019 15:14,0
4003,11/1/2019 15:14,0
4004,11/1/2019 15:15,0
4005,11/1/2019 15:15,1
4006,11/1/2019 15:15,0
4007,11/1/2019 15:34,1
4008,11/1/2019 15:37,0
4009,11/1/2019 16:12,1
4010,11/1/2019 16:12,1
4011,11/1/2019 16:12,0
4012,11/1/2019 16:14,1
4013,11/1/2019 16:15,0
4014,11/1/2019 16:15,0
4015,11/1/2019 16:15,0
4016,11/1/2019 16:15,0
4017,11/1/2019 16:25,0
4018,11/1/2019 16:26,1
4019,11/1/2019 16:27,0
4020,11/1/2019 16:44,0
4021,11/1/2019 16:52,1
4022,11/1/2019 16:52,0
4023,11/1/2019 16:55,0
4024,11/1/2019 17:06,0
4025,11/1/2019 17:06,0
4026,11/1/2019 17:07,0
4027,11/1/2019 17:08,0
4028,11/1/2019 17:19,1
4029,11/1/2019 17:36,0
4030,11/1/2019 17:51,1
4031,11/1/2019 17:51,1
4032,11/1/2019 17:51,1
4033,11/1/2019 18:38,1
4034,11/1/2019 18:38,1
4035,11/1/2019 18:38,0
4036,11/1/2019 18:38,0
4037,11/1/2019 18:38,1
4038,11/1/2019 18:41,0
4039,11/1/2019 18:44,1
4040,11/1/2019 18:46,1
4041,11/1/2019 18:46,1
4042,11/1/2019 18:48,0
4043,11/1/2019 18:48,1
4044,11/1/2019 18:48,0
4045,11/1/2019 18:48,1
4046,11/1/2019 18:50,1
4047,11/1/2019 18:53,1
4048,11/1/2019 18:53,1
4049,11/1/2019 18:53,0
4050,11/1/2019 18:55,1
4051,11/1/2019 18:57,1
4052,11/1/2019 18:59,0
4053,11/1/2019 19:03,0
4054,11/1/2019 19:05,0
4055,11/1/2019 19:11,1
4056,11/1/2019 19:11,1
4057,11/1/2019 19:19,0
4058,11/1/2019 19:19,1
4059,11/1/2019 19:22,0
4060,11/1/2019 19:24,0
4061,11/1/2019 19:24,0
4062,11/1/2019 19:25,1
4063,11/1/2019 19:37,1
4064,11/1/2019 19:37,1
4065,11/1/2019 19:37,0
4066,11/1/2019 19:37,1
4067,11/1/2019 19:37,1
4068,11/1/2019 19:37,0
4069,11/1/2019 19:37,1
4070,11/1/2019 19:58,0
4071,11/1/2019 20:07,0
4072,11/1/2019 20:12,1
4073,11/1/2019 20:14,0
4074,11/1/2019 20:16,0
4075,11/1/2019 20:28,0
4076,11/1/2019 20:29,1
4077,11/1/2019 20:29,1
4078,11/1/2019 20:29,1
4079,11/1/2019 20:29,0
4080,11/1/2019 20:29,0
4081,11/1/2019 20:36,0
4082,11/1/2019 20:36,0
4083,11/1/2019 20:37,0
4084,11/1/2019 20:37,1
4085,11/1/2019 20:44,0
4086,11/1/2019 20:47,1
